N,Z,binding,A,binding_MeV,N_frontier,d
82,56,8393.4222,138,1158.2922636000003,86.0,-4.0
28,26,8736.3846,54,471.7647684,40.7,-12.700000000000003
59,50,8470.5183,109,923.2864947,77.7,-18.700000000000003
118,86,7780.5743,204,1587.2371572000002,133.6,-15.599999999999994
26,18,8493.8411,44,373.72900839999994,28.099999999999998,-2.099999999999998
67,47,8493.7786,114,968.2907603999998,73.0,-6.0
46,42,8523.9087,88,750.1039656,65.6,-19.599999999999994
85,74,7867.0,159,1250.853,111.0,-26.0
35,23,8458.156,58,490.57304800000003,36.5,-1.5
23,24,8407.2067,47,395.1387149000001,37.599999999999994,-14.599999999999994
62,48,8551.2755,110,940.6403049999999,74.0,-12.0
140,95,7565.1582,235,1777.812177,148.0,-8.0
80,70,7965.0,150,1194.75,104.2,-24.200000000000003
11,13,7649.5806,24,183.5899344,23.4,-12.399999999999999
20,19,8557.0258,39,333.7240062,29.799999999999997,-9.799999999999997
104,74,8029.2584,178,1429.2079952,111.0,-7.0
114,83,7841.6348,197,1544.8020556,129.0,-15.0
107,74,8017.9494,181,1451.2488414000002,111.0,-4.0
21,20,8546.7075,41,350.4150075,30.799999999999997,-9.799999999999997
139,97,7523.0,236,1775.4279999999999,150.6,-11.599999999999994
52,41,8664.1849,93,805.7691957000001,64.5,-12.5
67,60,8142.0,127,1034.0339999999999,91.6,-24.599999999999994
52,44,8609.413,96,826.503648,69.0,-17.0
62,46,8567.0241,108,925.2386028000001,72.7,-10.700000000000003
56,50,8432.0383,106,893.7960598000001,77.7,-21.700000000000003
137,94,7587.1224,231,1752.6252744,147.3,-10.300000000000011
110,80,7907.0174,190,1502.333306,122.19999999999999,-12.199999999999989
102,70,8097.4295,172,1392.7578740000001,104.2,-2.200000000000003
57,49,8470.1213,106,897.8328578,75.7,-18.700000000000003
111,81,7876.0167,192,1512.1952064,124.4,-13.400000000000006
44,44,8298.0,88,730.224,69.0,-25.0
7,4,5952.5402,11,65.4779422,8.7,-1.6999999999999993
38,26,8612.3888,64,551.1928832000001,40.7,-2.700000000000003
136,91,7639.4945,227,1734.1652514999998,139.6,-3.5999999999999943
32,23,8637.3391,55,475.0536504999999,36.5,-4.5
75,58,8349.8301,133,1110.5274032999998,88.6,-13.599999999999994
53,43,8614.8673,96,827.0272608,67.9,-14.900000000000006
40,33,8689.6099,73,634.3415226999999,50.0,-10.0
43,28,8543.1564,71,606.5641043999999,43.8,-0.7999999999999972
80,61,8303.9405,141,1170.8556105000002,92.9,-12.900000000000006
117,86,7770.3437,203,1577.3797711000002,133.6,-16.599999999999994
127,86,7782.1824,213,1657.6048512,133.6,-6.599999999999994
21,28,7450.0,49,365.05,43.8,-22.799999999999997
51,36,8675.284,87,754.7497079999999,55.4,-4.399999999999999
70,51,8482.0574,121,1026.3289454,79.3,-9.299999999999997
48,37,8697.4416,85,739.2825359999999,57.4,-9.399999999999999
46,38,8677.5132,84,728.9111088,58.8,-12.799999999999997
38,27,8656.8848,65,562.697512,41.7,-3.700000000000003
99,74,8018.3337,173,1387.1717300999999,111.0,-12.0
95,64,8187.6177,159,1301.8312143,96.6,-1.5999999999999943
67,62,8023.0,129,1034.9669999999999,94.3,-27.299999999999997
91,61,8226.1293,152,1250.3716536,92.9,-1.9000000000000057
64,54,8374.9819,118,988.2478642,83.4,-19.400000000000006
130,85,7767.8627,215,1670.0904804999998,132.6,-2.5999999999999943
110,85,7748.0914,195,1510.877823,132.6,-22.599999999999994
55,46,8560.8644,101,864.6473043999999,72.7,-17.700000000000003
74,64,8112.0,138,1119.456,96.6,-22.599999999999994
57,47,8536.185,104,887.76324,73.0,-16.0
63,50,8506.8117,113,961.2697221,77.7,-14.700000000000003
2,4,4487.2478,6,26.923486800000003,8.7,-6.699999999999999
33,24,8663.3998,57,493.81378859999995,37.599999999999994,-4.599999999999994
114,86,7754.9111,200,1550.98222,133.6,-19.599999999999994
40,29,8695.2044,69,599.9691035999999,44.7,-4.700000000000003
12,12,8260.7103,24,198.25704720000004,21.7,-9.7
70,61,8163.0,131,1069.353,92.9,-22.900000000000006
14,13,8331.5533,27,224.95193909999998,23.4,-9.399999999999999
93,65,8189.1556,158,1293.8865847999998,97.6,-4.599999999999994
39,35,8583.5615,74,635.183551,53.4,-14.399999999999999
85,55,8314.3227,140,1164.005178,85.0,0.0
99,69,8114.9516,168,1363.3118688,100.9,-1.9000000000000057
8,13,6297.0,21,132.237,23.4,-15.399999999999999
72,63,8107.0,135,1094.445,94.6,-22.599999999999994
143,95,7555.5853,238,1798.2293014,148.0,-5.0
40,39,8416.7788,79,664.9255251999999,60.099999999999994,-20.099999999999994
79,51,8397.3641,130,1091.657333,79.3,-0.29999999999999716
56,48,8517.6232,104,885.8328127999999,74.0,-18.0
122,85,7813.9653,207,1617.4908171,132.6,-10.599999999999994
58,42,8604.6626,100,860.4662599999999,65.6,-7.599999999999994
117,89,7667.8538,206,1579.5778828,137.7,-20.69999999999999
82,53,8384.7609,135,1131.9427215,82.3,-0.29999999999999716
8,11,6937.8864,19,131.8198416,20.0,-12.0
77,67,8017.0977,144,1154.4620688,99.6,-22.599999999999994
146,101,7444.0,247,1838.668,154.2,-8.199999999999989
129,88,7726.9122,217,1676.7399474000001,135.8,-6.800000000000011
93,73,8004.9714,166,1328.8252524000002,109.3,-16.299999999999997
67,54,8403.8326,121,1016.8637445999999,83.4,-16.400000000000006
77,62,8243.0786,139,1145.7879254000002,94.3,-17.299999999999997
34,35,8344.9026,69,575.7982794,53.4,-19.4
156,108,7298.3762,264,1926.7713168,163.8,-7.800000000000011
47,32,8634.5089,79,682.1262031,48.7,-1.7000000000000028
96,70,8112.4591,166,1346.6682106,104.2,-8.200000000000003
133,91,7646.9612,224,1712.9193088,139.6,-6.599999999999994
127,87,7757.7393,214,1660.1562102,135.2,-8.199999999999989
96,77,7898.068,173,1366.3657640000001,115.7,-19.700000000000003
5,10,4868.7285,15,73.0309275,18.299999999999997,-13.299999999999997
9,9,7631.6383,18,137.3694894,16.6,-7.600000000000001
73,63,8122.0,136,1104.592,94.6,-21.599999999999994
65,44,8496.228,109,926.0888519999999,69.0,-4.0
76,57,8378.8415,133,1114.3859195,88.3,-12.299999999999997
107,85,7709.7283,192,1480.2678336,132.6,-25.599999999999994
64,50,8522.5671,114,971.5726493999999,77.7,-13.700000000000003
103,79,7887.2442,182,1435.4784444000002,119.0,-16.0
83,68,8104.8723,151,1223.8357173,100.9,-17.900000000000006
120,89,7695.8455,209,1608.4317095000001,137.7,-17.69999999999999
113,77,7947.7017,190,1510.0633229999999,115.7,-2.700000000000003
21,18,8562.5988,39,333.9413532,28.099999999999998,-7.099999999999998
119,85,7803.5522,204,1591.9246488,132.6,-13.599999999999994
146,98,7505.1373,244,1831.2535012,152.3,-6.300000000000011
63,58,8132.0,121,983.972,88.6,-25.599999999999994
58,53,8282.9343,111,919.4057073000001,82.3,-24.299999999999997
47,34,8685.9998,81,703.5659837999999,51.7,-4.700000000000003
62,41,8488.332,103,874.298196,64.5,-2.5
55,49,8435.238,104,877.264752,75.7,-20.700000000000003
14,18,7700.0089,32,246.40028479999998,28.099999999999998,-14.099999999999998
52,35,8605.9105,87,748.7142135,53.4,-1.3999999999999986
140,92,7611.8984,232,1765.9604288,142.9,-2.9000000000000057
31,34,8170.0,65,531.05,51.7,-20.700000000000003
25,24,8613.2777,49,422.0506073000001,37.599999999999994,-12.599999999999994
79,55,8398.647,134,1125.418698,85.0,-6.0
5,9,5285.2091,14,73.9929274,16.6,-11.600000000000001
153,100,7448.4712,253,1884.4632136,153.6,-0.5999999999999943
23,18,8534.3733,41,349.9093052999999,28.099999999999998,-5.099999999999998
118,81,7893.8773,199,1570.8815826999999,124.4,-6.400000000000006
54,37,8607.5621,91,783.2881510999999,57.4,-3.3999999999999986
58,38,8521.2041,96,818.0355936000001,58.8,-0.7999999999999972
10,16,6525.0,26,169.65,26.099999999999998,-16.099999999999998
123,91,7647.7037,214,1636.6085918,139.6,-16.599999999999994
121,81,7886.2206,202,1593.0165611999998,124.4,-3.4000000000000057
55,50,8397.229,105,881.709045,77.7,-22.700000000000003
26,21,8665.0958,47,407.25950259999996,33.099999999999994,-7.099999999999994
163,107,7301.0,270,1971.27,163.4,-0.4000000000000057
108,75,8001.0101,183,1464.1848483,112.0,-4.0
105,83,7764.1904,188,1459.6677952,129.0,-24.0
109,80,7896.9192,189,1492.5177288,122.19999999999999,-13.199999999999989
88,66,8193.1305,154,1261.7420969999998,98.9,-10.900000000000006
7,5,6631.2237,12,79.5746844,11.799999999999999,-4.799999999999999
68,44,8439.2431,112,945.1952272000001,69.0,-1.0
37,27,8675.5223,64,555.2334272,41.7,-4.700000000000003
50,34,8658.7935,84,727.338654,51.7,-1.7000000000000028
43,43,8280.0,86,712.0799999999999,67.9,-24.900000000000006
56,38,8593.8344,94,807.8204336,58.8,-2.799999999999997
17,10,7520.4151,27,203.0512077,18.299999999999997,-1.2999999999999972
151,103,7401.1306,254,1879.8871724,156.7,-5.699999999999989
104,76,7987.4171,180,1437.735078,114.4,-10.400000000000006
83,70,8022.0,153,1227.366,104.2,-21.200000000000003
22,22,8533.5215,44,375.47494600000005,34.2,-12.200000000000003
78,67,8048.5792,145,1167.0439840000001,99.6,-21.599999999999994
102,84,7695.9488,186,1431.4464768,130.7,-28.69999999999999
105,80,7874.5391,185,1456.7897335,122.19999999999999,-17.19999999999999
63,43,8506.557,106,901.6950420000001,67.9,-4.900000000000006
47,47,8238.0,94,774.372,73.0,-26.0
91,66,8184.6287,157,1284.9867059,98.9,-7.900000000000006
42,29,8635.0233,71,613.0866543,44.7,-2.700000000000003
106,77,7961.8176,183,1457.0126208000001,115.7,-9.700000000000003
126,92,7640.7191,218,1665.6767638000001,142.9,-16.900000000000006
116,86,7769.3018,202,1569.3989636000001,133.6,-17.599999999999994
32,31,8583.9267,63,540.7873821,47.599999999999994,-15.599999999999994
12,10,8080.4656,22,177.7702432,18.299999999999997,-6.299999999999997
9,6,7100.1696,15,106.502544,11.799999999999999,-2.799999999999999
109,74,8008.3234,183,1465.5231822,111.0,-2.0
59,40,8539.225,99,845.383275,62.2,-3.200000000000003
138,90,7645.0807,228,1743.0783996,139.0,-1.0
36,27,8717.7972,63,549.2212236000001,41.7,-5.700000000000003
153,107,7314.0,260,1901.64,163.4,-10.400000000000006
65,56,8293.9083,121,1003.5629043,86.0,-21.0
155,106,7339.771,261,1915.680231,159.7,-4.699999999999989
22,24,8303.8233,46,381.9758718,37.599999999999994,-15.599999999999994
25,18,8488.2382,43,364.9942426,28.099999999999998,-3.099999999999998
65,51,8475.8208,116,983.1952127999999,79.3,-14.299999999999997
147,94,7546.4395,241,1818.6919195,147.3,-0.30000000000001137
158,107,7316.0,265,1938.74,163.4,-5.400000000000006
58,48,8539.0492,106,905.1392151999999,74.0,-16.0
129,91,7655.5364,220,1684.218008,139.6,-10.599999999999994
124,91,7657.3733,215,1646.3352595000001,139.6,-15.599999999999994
96,80,7782.664,176,1369.748864,122.19999999999999,-26.19999999999999
77,58,8361.9861,135,1128.8681235,88.6,-11.599999999999994
154,105,7360.3626,259,1906.3339134,159.2,-5.199999999999989
36,32,8688.1371,68,590.7933228,48.7,-12.700000000000003
70,60,8222.5136,130,1068.926768,91.6,-21.599999999999994
29,22,8708.9912,51,444.1585512,34.2,-5.200000000000003
79,63,8226.396,142,1168.1482320000002,94.6,-15.599999999999994
21,19,8538.0907,40,341.52362800000003,29.799999999999997,-8.799999999999997
74,66,8008.0,140,1121.12,98.9,-24.900000000000006
41,36,8616.837,77,663.496449,55.4,-14.399999999999999
24,29,7891.0,53,418.223,44.7,-20.700000000000003
86,56,8310.9718,142,1180.1579955999998,86.0,0.0
131,91,7651.2373,222,1698.5746806,139.6,-8.599999999999994
55,36,8541.7519,91,777.2994229,55.4,-0.3999999999999986
62,55,8271.8652,117,967.8082284000001,85.0,-23.0
87,64,8231.0446,151,1242.8877346,96.6,-9.599999999999994
141,100,7459.0,241,1797.619,153.6,-12.599999999999994
76,63,8187.2187,139,1138.0233993000002,94.6,-18.599999999999994
109,73,8012.6332,182,1458.2992424,109.3,-0.29999999999999716
39,30,8722.7311,69,601.8684459000001,45.7,-6.700000000000003
133,87,7709.743,220,1696.14346,135.2,-2.1999999999999886
146,94,7556.0433,240,1813.4503920000002,147.3,-1.3000000000000114
138,96,7550.6868,234,1766.8607112,149.6,-11.599999999999994
74,65,8052.0,139,1119.2279999999998,97.6,-23.599999999999994
68,51,8487.9218,119,1010.0626942,79.3,-11.299999999999997
13,7,6709.1717,20,134.183434,13.5,-0.5
123,87,7763.1243,210,1630.2561030000002,135.2,-12.199999999999989
64,41,8431.6925,105,885.3277124999998,64.5,-0.5
30,23,8710.1425,53,461.63755249999997,36.5,-6.5
68,49,8503.8653,117,994.9522400999999,75.7,-7.700000000000003
37,37,8381.7123,74,620.2467101999999,57.4,-20.4
97,82,7701.463,179,1378.5618769999999,125.4,-28.400000000000006
143,96,7543.0659,239,1802.7927501,149.6,-6.599999999999994
70,54,8437.6138,124,1046.2641112,83.4,-13.400000000000006
123,82,7874.3313,205,1614.2379165,125.4,-2.4000000000000057
94,66,8184.0526,160,1309.448416,98.9,-4.900000000000006
28,30,8395.9467,58,486.9649086,45.7,-17.700000000000003
116,79,7921.3778,195,1544.6686710000001,119.0,-3.0
160,110,7253.7634,270,1958.5161179999998,169.3,-9.300000000000011
27,28,8497.3225,55,467.35273750000005,43.8,-16.799999999999997
75,66,8027.0,141,1131.8069999999998,98.9,-23.900000000000006
46,34,8710.8142,80,696.8651360000001,51.7,-5.700000000000003
7,6,7469.8495,13,97.10804350000001,11.799999999999999,-4.799999999999999
43,41,8417.9563,84,707.1083292000001,64.5,-21.5
77,69,7914.0,146,1155.444,100.9,-23.900000000000006
77,54,8423.7367,131,1103.5095076999999,83.4,-6.400000000000006
73,61,8213.4131,134,1100.5973554,92.9,-19.900000000000006
147,96,7526.9261,243,1829.0430423,149.6,-2.5999999999999943
123,89,7708.4479,212,1634.1909548,137.7,-14.699999999999989
79,58,8367.2497,137,1146.3132089,88.6,-9.599999999999994
60,42,8568.3994,102,873.9767388,65.6,-5.599999999999994
21,26,7790.0,47,366.13,40.7,-19.700000000000003
47,35,8682.4953,82,711.9646146000001,53.4,-6.399999999999999
54,52,8236.7682,106,873.0974292000001,80.7,-26.700000000000003
60,40,8522.1066,100,852.2106599999998,62.2,-2.200000000000003
114,81,7890.7293,195,1538.6922135,124.4,-10.400000000000006
61,48,8538.7646,109,930.7253414,74.0,-13.0
29,26,8746.5981,55,481.06289549999997,40.7,-11.700000000000003
12,11,8111.4936,23,186.5643528,20.0,-8.0
106,83,7780.9999,189,1470.6089811,129.0,-23.0
99,82,7734.0704,181,1399.8667423999998,125.4,-26.400000000000006
73,54,8434.1066,127,1071.1315382,83.4,-10.400000000000006
79,60,8323.6642,139,1156.9893238,91.6,-12.599999999999994
31,21,8534.6695,52,443.802814,33.099999999999994,-2.0999999999999943
54,51,8300.9923,105,871.6041915000001,79.3,-25.299999999999997
57,41,8596.3016,98,842.4375568,64.5,-7.5
124,83,7854.5053,207,1625.8825970999999,129.0,-5.0
37,36,8460.1847,73,617.5934831,55.4,-18.4
79,53,8406.4628,132,1109.6530896,82.3,-3.299999999999997
114,78,7942.4923,192,1524.9585216,117.1,-3.0999999999999943
134,94,7590.4039,228,1730.6120892000001,147.3,-13.300000000000011
115,81,7888.29,196,1546.10484,124.4,-9.400000000000006
96,65,8174.4809,161,1316.0914248999998,97.6,-1.5999999999999943
94,72,8056.4386,166,1337.3688076,106.9,-12.900000000000006
36,23,8403.8034,59,495.82440060000005,36.5,-0.5
66,43,8444.1796,109,920.4155764,67.9,-1.9000000000000057
82,55,8388.9581,137,1149.2872597,85.0,-3.0
78,63,8217.6853,141,1158.6936273,94.6,-16.599999999999994
152,102,7423.5909,254,1885.5920886,155.1,-3.0999999999999943
32,24,8723.2609,56,488.5026104,37.599999999999994,-5.599999999999994
114,79,7924.1648,193,1529.3638064,119.0,-5.0
45,30,8592.4981,75,644.4373575,45.7,-0.7000000000000028
50,37,8710.9843,87,757.8556341,57.4,-7.399999999999999
23,16,8344.2698,39,325.42652219999997,26.099999999999998,-3.099999999999998
60,46,8579.9934,106,909.4793003999999,72.7,-12.700000000000003
96,72,8065.5536,168,1355.0130047999999,106.9,-10.900000000000006
5,7,6170.11,12,74.04131999999998,13.5,-8.5
16,13,8348.4647,29,242.10547630000002,23.4,-7.399999999999999
47,44,8442.9287,91,768.3065117,69.0,-22.0
28,28,8642.7811,56,483.99574160000003,43.8,-15.799999999999997
61,54,8300.9704,115,954.6115960000001,83.4,-22.400000000000006
120,87,7756.2689,207,1605.5476623,135.2,-15.199999999999989
7,7,7475.6148,14,104.6586072,13.5,-6.5
36,31,8707.533,67,583.404711,47.599999999999994,-11.599999999999994
119,80,7905.2794,199,1573.1506006000002,122.19999999999999,-3.1999999999999886
73,66,7971.0,139,1107.969,98.9,-25.900000000000006
29,25,8737.9768,54,471.8507472,39.3,-10.299999999999997
27,17,8234.4788,44,362.31706720000005,28.099999999999998,-1.0999999999999979
146,96,7534.504,242,1823.349968,149.6,-3.5999999999999943
147,98,7499.6644,245,1837.4177779999998,152.3,-5.300000000000011
38,39,8278.0,77,637.4060000000001,60.099999999999994,-22.099999999999994
20,25,7747.0,45,348.615,39.3,-19.299999999999997
114,80,7914.5974,194,1535.4318956,122.19999999999999,-8.199999999999989
18,22,7865.8632,40,314.634528,34.2,-16.200000000000003
71,52,8465.537,123,1041.261051,80.7,-9.700000000000003
118,82,7881.8101,200,1576.36202,125.4,-7.400000000000006
49,36,8698.5633,85,739.3778805,55.4,-6.399999999999999
97,74,8008.1158,171,1369.3878017999998,111.0,-14.0
70,48,8487.835,118,1001.5645299999999,74.0,-4.0
129,84,7794.024,213,1660.1271120000001,130.7,-1.6999999999999886
118,89,7681.1001,207,1589.9877207,137.7,-19.69999999999999
123,81,7880.0238,204,1607.5248552,124.4,-1.4000000000000057
61,45,8553.9317,106,906.7167602,71.3,-10.299999999999997
104,77,7956.5242,181,1440.1308801999999,115.7,-11.700000000000003
67,61,8075.0,128,1033.6,92.9,-25.900000000000006
90,74,7951.4515,164,1304.0380460000001,111.0,-21.0
86,62,8279.6326,148,1225.3856248000002,94.3,-8.299999999999997
144,101,7441.0,245,1823.045,154.2,-10.199999999999989
65,47,8516.0807,112,953.8010383999999,73.0,-8.0
42,36,8661.2385,78,675.576603,55.4,-13.399999999999999
45,44,8340.376,89,742.2934640000001,69.0,-24.0
116,87,7731.7092,203,1569.5369676,135.2,-19.19999999999999
137,89,7655.6628,226,1730.1797928,137.7,-0.6999999999999886
76,53,8435.9908,129,1088.2428131999998,82.3,-6.299999999999997
62,45,8554.104,107,915.2891279999999,71.3,-9.299999999999997
72,47,8423.2126,119,1002.3622994000001,73.0,-1.0
63,48,8537.0801,111,947.6158910999999,74.0,-11.0
10,8,7767.0981,18,139.8077658,14.2,-4.199999999999999
68,60,8177.0,128,1046.656,91.6,-23.599999999999994
88,62,8261.6235,150,1239.2435249999999,94.3,-6.299999999999997
38,33,8663.935,71,615.139385,50.0,-12.0
59,43,8570.6514,102,874.2064428000001,67.9,-8.900000000000006
87,58,8289.8762,145,1202.032049,88.6,-1.5999999999999943
62,44,8560.9406,106,907.4597036,69.0,-7.0
73,67,7906.0,140,1106.84,99.6,-26.599999999999994
125,87,7766.8455,212,1646.5712460000002,135.2,-10.199999999999989
21,27,7595.0,48,364.56,41.7,-20.700000000000003
80,59,8349.5208,139,1160.5833912,90.6,-10.599999999999994
157,104,7371.3858,261,1923.9316938,157.4,-0.4000000000000057
63,51,8462.5191,114,964.7271774,79.3,-16.299999999999997
105,76,7983.4263,181,1445.0001602999998,114.4,-9.400000000000006
144,93,7574.9895,237,1795.2725115,144.1,-0.09999999999999432
53,36,8614.8158,89,766.7186062000001,55.4,-2.3999999999999986
82,62,8303.68,144,1195.72992,94.3,-12.299999999999997
51,44,8587.4706,95,815.8097070000001,69.0,-18.0
147,95,7534.9917,242,1823.4679914,148.0,-1.0
59,48,8533.3524,107,913.0687068,74.0,-15.0
15,15,8353.5064,30,250.60519200000002,24.7,-9.7
131,90,7676.064,221,1696.410144,139.0,-8.0
105,79,7900.1947,184,1453.6358248000001,119.0,-14.0
98,78,7888.9934,176,1388.4628384,117.1,-19.099999999999994
86,72,7981.2764,158,1261.0416711999999,106.9,-20.900000000000006
65,59,8128.0,124,1007.8720000000001,90.6,-25.599999999999994
35,24,8568.5995,59,505.54737049999994,37.599999999999994,-2.5999999999999943
71,45,8377.6123,116,971.8030268000001,71.3,-0.29999999999999716
69,58,8280.7922,127,1051.6606094,88.6,-19.599999999999994
117,81,7890.3011,198,1562.2796177999999,124.4,-7.400000000000006
57,50,8439.4946,107,903.0259222,77.7,-20.700000000000003
67,51,8478.9156,118,1000.5120408,79.3,-12.299999999999997
135,87,7690.9474,222,1707.3903228,135.2,-0.19999999999998863
20,26,7603.0,46,349.738,40.7,-20.700000000000003
32,28,8780.7769,60,526.846614,43.8,-11.799999999999997
54,36,8591.2599,90,773.2133909999999,55.4,-1.3999999999999986
83,58,8355.3956,141,1178.1107796,88.6,-5.599999999999994
125,82,7869.8664,207,1629.0623448000001,125.4,-0.4000000000000057
92,63,8216.676,155,1273.58478,94.6,-2.5999999999999943
28,23,8742.0852,51,445.8463452,36.5,-8.5
95,72,8054.185,167,1345.0488950000001,106.9,-11.900000000000006
81,59,8346.5163,140,1168.512282,90.6,-9.599999999999994
130,86,7758.6553,216,1675.8695448,133.6,-3.5999999999999943
102,72,8068.5341,174,1403.9249333999999,106.9,-4.900000000000006
18,14,8481.469,32,271.40700799999996,23.4,-5.399999999999999
64,56,8280.2949,120,993.6353880000001,86.0,-22.0
3,3,5332.3312,6,31.9939872,7.3,-4.3
79,56,8397.5345,135,1133.6671574999998,86.0,-7.0
46,36,8710.6754,82,714.2753828,55.4,-9.399999999999999
122,84,7840.5973,206,1615.1630438000002,130.7,-8.699999999999989
37,25,8538.5002,62,529.3870124,39.3,-2.299999999999997
35,26,8703.7686,61,530.9298846,40.7,-5.700000000000003
17,22,7566.0,39,295.074,34.2,-17.200000000000003
32,27,8768.0379,59,517.3142361,41.7,-9.700000000000003
117,88,7707.1698,205,1579.969809,135.8,-18.80000000000001
83,59,8336.3032,142,1183.7550544,90.6,-7.599999999999994
31,30,8610.3098,61,525.2288978,45.7,-14.700000000000003
23,22,8555.7321,45,385.00794449999995,34.2,-11.200000000000003
115,83,7841.2123,198,1552.5600354,129.0,-14.0
103,82,7786.933,185,1440.582605,125.4,-22.400000000000006
28,20,8666.6916,48,416.0011968,30.799999999999997,-2.799999999999997
107,81,7853.0537,188,1476.3740956000001,124.4,-17.400000000000006
82,69,8050.0576,151,1215.5586976000002,100.9,-18.900000000000006
75,51,8440.3136,126,1063.4795136,79.3,-4.299999999999997
87,76,7807.0,163,1272.5410000000002,114.4,-27.400000000000006
81,70,7983.7556,151,1205.5470956000001,104.2,-23.200000000000003
64,46,8547.163,110,940.1879300000002,72.7,-8.700000000000003
56,37,8540.9209,93,794.3056437,57.4,-1.3999999999999986
28,29,8503.2646,57,484.6860822,44.7,-16.700000000000003
25,22,8661.2325,47,407.07792750000004,34.2,-9.200000000000003
86,61,8284.3712,147,1217.8025664,92.9,-6.900000000000006
60,44,8587.3998,104,893.0895792,69.0,-9.0
69,55,8383.5114,124,1039.5554136,85.0,-16.0
20,21,8369.1979,41,343.1371139,33.099999999999994,-13.099999999999994
26,29,8233.997,55,452.8698349999999,44.7,-18.700000000000003
99,80,7816.2631,179,1399.1110949000001,122.19999999999999,-23.19999999999999
97,77,7902.0377,174,1374.9545598,115.7,-18.700000000000003
129,90,7683.7655,219,1682.7446445,139.0,-10.0
27,24,8711.9923,51,444.3116073,37.599999999999994,-10.599999999999994
72,60,8256.8104,132,1089.8989728000001,91.6,-19.599999999999994
74,49,8437.9362,123,1037.8661525999999,75.7,-1.7000000000000028
38,29,8737.4597,67,585.4097998999999,44.7,-6.700000000000003
147,102,7422.0,249,1848.078,155.1,-8.099999999999994
103,78,7924.1271,181,1434.2670051,117.1,-14.099999999999994
130,91,7656.9809,221,1692.1927789,139.6,-9.599999999999994
52,42,8662.3341,94,814.2594054000001,65.6,-13.599999999999994
101,79,7870.3194,180,1416.657492,119.0,-18.0
25,26,8460.4977,51,431.48538269999995,40.7,-15.700000000000003
80,64,8221.9382,144,1183.9591008,96.6,-16.599999999999994
92,61,8221.1536,153,1257.8365007999998,92.9,-0.9000000000000057
38,34,8644.4902,72,622.4032944,51.7,-13.700000000000003
52,50,8324.4313,102,849.0919926,77.7,-25.700000000000003
40,26,8521.7245,66,562.433817,40.7,-0.7000000000000028
15,17,8072.4058,32,258.3169856,28.099999999999998,-13.099999999999998
18,16,8583.4986,34,291.83895240000004,26.099999999999998,-8.099999999999998
108,77,7963.7226,185,1473.288681,115.7,-7.700000000000003
148,101,7444.0169,249,1853.5602081,154.2,-6.199999999999989
62,51,8465.2762,113,956.5762106,79.3,-17.299999999999997
66,45,8495.6267,111,943.0145637,71.3,-5.299999999999997
20,17,8570.2816,37,317.1004192,28.099999999999998,-8.099999999999998
45,38,8638.4076,83,716.9878308000001,58.8,-13.799999999999997
14,15,8251.2368,29,239.28586720000004,24.7,-10.7
21,15,8307.8692,36,299.08329119999996,24.7,-3.6999999999999993
62,56,8227.0,118,970.7860000000001,86.0,-24.0
24,22,8656.4623,46,398.19726579999997,34.2,-10.200000000000003
40,38,8500.0971,78,663.0075738000002,58.8,-18.799999999999997
118,88,7719.8028,206,1590.2793768,135.8,-17.80000000000001
68,55,8380.3796,123,1030.7866907999999,85.0,-17.0
77,61,8268.3558,138,1141.0331004,92.9,-15.900000000000006
27,27,8569.2199,54,462.7378746,41.7,-14.700000000000003
22,19,8576.0731,41,351.6189971,29.799999999999997,-7.799999999999997
42,37,8601.1401,79,679.4900679,57.4,-15.399999999999999
29,32,8215.0,61,501.115,48.7,-19.700000000000003
49,49,8230.0,98,806.5400000000001,75.7,-26.700000000000003
87,72,7986.561,159,1269.863199,106.9,-19.900000000000006
91,78,7784.0,169,1315.4959999999999,117.1,-26.099999999999994
65,46,8521.7498,111,945.9142278,72.7,-7.700000000000003
44,41,8473.7117,85,720.2654944999999,64.5,-20.5
13,14,8124.342,27,219.357234,23.4,-10.399999999999999
30,34,8075.0,64,516.8,51.7,-21.700000000000003
104,83,7758.2083,187,1450.7849521,129.0,-25.0
32,25,8736.7146,57,497.9927322,39.3,-7.299999999999997
61,44,8561.9016,105,898.9996679999999,69.0,-8.0
84,60,8326.9237,144,1199.0770128,91.6,-7.599999999999994
100,70,8106.6101,170,1378.123717,104.2,-4.200000000000003
82,65,8206.625,147,1206.373875,97.6,-15.599999999999994
83,55,8360.1437,138,1153.6998306,85.0,-2.0
158,108,7298.2611,266,1941.3374525999998,163.8,-5.800000000000011
41,42,8234.0,83,683.422,65.6,-24.599999999999994
2,5,3558.7055,7,24.9109385,11.799999999999999,-9.799999999999999
107,77,7959.1992,184,1464.4926527999999,115.7,-8.700000000000003
23,23,8486.1423,46,390.36254579999996,36.5,-13.5
92,78,7808.2365,170,1327.400205,117.1,-25.099999999999994
128,87,7753.2607,215,1666.9510505,135.2,-7.199999999999989
85,64,8239.4856,149,1227.6833544,96.6,-11.599999999999994
136,93,7605.9921,229,1741.7721909000002,144.1,-8.099999999999994
40,36,8608.8077,76,654.2693852,55.4,-15.399999999999999
58,39,8541.4616,97,828.5217752,60.099999999999994,-2.0999999999999943
74,58,8352.3223,132,1102.5065436,88.6,-14.599999999999994
105,74,8023.2821,179,1436.1674959000002,111.0,-6.0
39,31,8709.2808,70,609.649656,47.599999999999994,-8.599999999999994
137,95,7564.0,232,1754.848,148.0,-11.0
15,18,7928.9559,33,261.6555447,28.099999999999998,-13.099999999999998
127,93,7602.0758,220,1672.456676,144.1,-17.099999999999994
95,76,7924.1769,171,1355.0342499,114.4,-19.400000000000006
88,65,8205.0504,153,1255.3727112,97.6,-9.599999999999994
96,81,7732.1655,177,1368.5932935,124.4,-28.400000000000006
78,69,7948.8178,147,1168.4762166,100.9,-22.900000000000006
86,57,8306.1271,143,1187.7761753,88.3,-2.299999999999997
121,80,7897.5607,201,1587.4097007,122.19999999999999,-1.1999999999999886
87,77,7750.0,164,1271.0,115.7,-28.700000000000003
104,75,8003.7666,179,1432.6742214,112.0,-8.0
40,37,8537.3396,77,657.3751491999999,57.4,-17.4
120,82,7882.1505,202,1592.194401,125.4,-5.400000000000006
127,84,7818.7842,211,1649.7634661999998,130.7,-3.6999999999999886
88,72,8006.3791,160,1281.0206560000001,106.9,-18.900000000000006
96,82,7690.8359,178,1368.9687902,125.4,-29.400000000000006
79,54,8412.6477,133,1118.8821440999998,83.4,-4.400000000000006
97,78,7869.5216,175,1377.16628,117.1,-20.099999999999994
111,83,7819.1955,194,1516.923927,129.0,-18.0
123,86,7792.1755,209,1628.5646795,133.6,-10.599999999999994
70,45,8410.6538,115,967.225187,71.3,-1.2999999999999972
11,7,7038.5627,18,126.69412860000001,13.5,-2.5
89,64,8220.4209,153,1257.7243976999998,96.6,-7.599999999999994
26,22,8723.0122,48,418.7045856,34.2,-8.200000000000003
87,67,8150.6825,154,1255.205105,99.6,-12.599999999999994
63,47,8532.1089,110,938.5319789999999,73.0,-10.0
8,12,6728.0252,20,134.560504,21.7,-13.7
80,60,8337.864,140,1167.30096,91.6,-11.599999999999994
109,84,7773.951,193,1500.372543,130.7,-21.69999999999999
83,62,8293.0139,145,1202.4870155,94.3,-11.299999999999997
14,12,8333.8711,26,216.68064859999998,21.7,-7.699999999999999
85,70,8043.8234,155,1246.792627,104.2,-19.200000000000003
30,33,8193.0,63,516.159,50.0,-20.0
159,108,7295.0,267,1947.7649999999999,163.8,-4.800000000000011
56,45,8588.2172,101,867.4099372,71.3,-15.299999999999997
94,76,7921.1258,170,1346.5913859999998,114.4,-20.400000000000006
113,80,7907.973,193,1526.238789,122.19999999999999,-9.199999999999989
94,67,8163.1134,161,1314.2612574,99.6,-5.599999999999994
128,95,7547.0,223,1682.981,148.0,-20.0
71,57,8337.1904,128,1067.1603711999999,88.3,-17.299999999999997
128,85,7790.0036,213,1659.2707668,132.6,-4.599999999999994
107,76,7985.0087,183,1461.2565921,114.4,-7.400000000000006
133,93,7604.1714,226,1718.5427364,144.1,-11.099999999999994
122,90,7682.0628,212,1628.5973136,139.0,-17.0
95,68,8144.7403,163,1327.5926689,100.9,-5.900000000000006
43,42,8361.332,85,710.7132200000001,65.6,-22.599999999999994
6,10,6083.1777,16,97.3308432,18.299999999999997,-12.299999999999997
33,33,8468.4034,66,558.9146244,50.0,-17.0
82,73,7858.0,155,1217.99,109.3,-27.299999999999997
101,78,7910.6759,179,1416.0109861,117.1,-16.099999999999994
158,105,7352.0,263,1933.576,159.2,-1.1999999999999886
34,32,8625.4383,66,569.2789277999999,48.7,-14.700000000000003
79,66,8116.8884,145,1176.948818,98.9,-19.900000000000006
39,33,8660.3786,72,623.5472592,50.0,-11.0
163,110,7250.0,273,1979.25,169.3,-6.300000000000011
59,55,8173.5711,114,931.7871054,85.0,-26.0
132,92,7635.0742,224,1710.2566208,142.9,-10.900000000000006
118,85,7803.6487,203,1584.1406861,132.6,-14.599999999999994
157,110,7248.0,267,1935.2160000000001,169.3,-12.300000000000011
115,88,7689.8015,203,1561.0297045,135.8,-20.80000000000001
110,77,7960.6692,187,1488.6451404,115.7,-5.700000000000003
101,81,7796.3571,182,1418.9369922,124.4,-23.400000000000006
109,82,7841.6782,191,1497.7605362000002,125.4,-16.400000000000006
94,73,8018.8614,167,1339.1498538,109.3,-15.299999999999997
28,24,8775.9946,52,456.35171920000005,37.599999999999994,-9.599999999999994
152,104,7385.4349,256,1890.6713344,157.4,-5.400000000000006
39,28,8695.7505,67,582.6152835,43.8,-4.799999999999997
64,43,8492.8979,107,908.7400753,67.9,-3.9000000000000057
99,72,8066.0687,171,1379.2977477000002,106.9,-7.900000000000006
93,64,8203.5072,157,1287.9506304000001,96.6,-3.5999999999999943
73,55,8406.4953,128,1076.0313984000002,85.0,-12.0
93,69,8117.5868,162,1315.0490616,100.9,-7.900000000000006
26,24,8701.0188,50,435.05093999999997,37.599999999999994,-11.599999999999994
26,19,8554.6747,45,384.9603615,29.799999999999997,-3.799999999999997
50,43,8608.5782,93,800.5977726,67.9,-17.900000000000006
60,45,8572.7053,105,900.1340564999999,71.3,-11.299999999999997
135,94,7586.8834,229,1737.3962986,147.3,-12.300000000000011
69,63,8018.0,132,1058.3760000000002,94.6,-25.599999999999994
98,74,8020.1757,172,1379.4702203999998,111.0,-13.0
113,87,7700.3292,200,1540.0658400000002,135.2,-22.19999999999999
73,59,8291.5377,132,1094.4829764,90.6,-17.599999999999994
99,77,7921.5522,176,1394.1931872,115.7,-16.700000000000003
68,58,8273.2581,126,1042.4305206,88.6,-20.599999999999994
11,15,7198.0,26,187.14800000000002,24.7,-13.7
69,53,8437.0139,122,1029.3156958,82.3,-13.299999999999997
86,75,7836.3292,161,1261.6490012,112.0,-26.0
88,57,8266.0873,145,1198.5826584999998,88.3,-0.29999999999999716
27,23,8695.9032,50,434.79516,36.5,-9.5
49,41,8633.377,90,777.0039300000001,64.5,-15.5
44,46,8113.0,90,730.17,72.7,-28.700000000000003
61,41,8504.8675,102,867.496485,64.5,-3.5
80,62,8285.9407,142,1176.6035794,94.3,-14.299999999999997
47,46,8318.5637,93,773.6264241,72.7,-25.700000000000003
86,68,8132.3919,154,1252.3883526,100.9,-14.900000000000006
45,36,8682.8206,81,703.3084686,55.4,-10.399999999999999
48,35,8693.3852,83,721.5509716,53.4,-5.399999999999999
97,67,8147.9234,164,1336.2594376,99.6,-2.5999999999999943
58,41,8578.9859,99,849.3196040999999,64.5,-6.5
76,56,8409.3747,132,1110.0374604,86.0,-10.0
78,52,8430.3251,130,1095.942263,80.7,-2.700000000000003
63,49,8514.6674,112,953.6427488,75.7,-12.700000000000003
88,70,8079.1999,158,1276.5135841999997,104.2,-16.200000000000003
85,71,7995.3752,156,1247.2785312,105.6,-20.599999999999994
47,49,8069.0,96,774.624,75.7,-28.700000000000003
91,79,7730.0,170,1314.1000000000001,119.0,-28.0
89,60,8255.4437,149,1230.0611112999998,91.6,-2.5999999999999943
55,43,8610.0047,98,843.7804606,67.9,-12.900000000000006
131,87,7726.7143,218,1684.4237173999998,135.2,-4.199999999999989
68,53,8441.4111,121,1021.4107431,82.3,-14.299999999999997
15,16,8281.8013,31,256.7358403,26.099999999999998,-11.099999999999998
61,42,8538.2672,103,879.4415216,65.6,-4.599999999999994
87,63,8241.3481,150,1236.202215,94.6,-7.599999999999994
22,23,8380.0394,45,377.101773,36.5,-14.5
102,74,8030.1131,176,1413.2999055999999,111.0,-9.0
3,6,4337.4233,9,39.0368097,11.799999999999999,-8.799999999999999
121,89,7698.0182,210,1616.5838220000003,137.7,-16.69999999999999
124,85,7814.7835,209,1633.2897515,132.6,-8.599999999999994
71,47,8433.89,118,995.19902,73.0,-2.0
54,38,8648.907,92,795.699444,58.8,-4.799999999999997
47,37,8676.2244,84,728.8028496,57.4,-10.399999999999999
68,62,8065.0,130,1048.45,94.3,-26.299999999999997
33,27,8746.7692,60,524.8061520000001,41.7,-8.700000000000003
58,52,8358.116,110,919.3927600000001,80.7,-22.700000000000003
108,76,7988.6778,184,1469.9167152,114.4,-6.400000000000006
59,54,8247.9277,113,932.0158301,83.4,-24.400000000000006
99,73,8037.7056,172,1382.4853632000002,109.3,-10.299999999999997
9,7,7373.7971,16,117.9807536,13.5,-4.5
135,90,7659.2229,225,1723.3251524999998,139.0,-4.0
90,67,8163.1373,157,1281.6125561000001,99.6,-9.599999999999994
151,101,7438.4444,252,1874.4879888000003,154.2,-3.1999999999999886
60,54,8289.2054,114,944.9694156,83.4,-23.400000000000006
35,38,8102.0,73,591.446,58.8,-23.799999999999997
90,77,7812.8254,167,1304.7418418,115.7,-25.700000000000003
113,85,7769.3446,198,1538.3302308,132.6,-19.599999999999994
85,56,8326.0774,141,1173.9769134,86.0,-1.0
88,63,8239.2998,151,1244.1342698,94.6,-6.599999999999994
46,32,8671.6636,78,676.3897608000001,48.7,-2.700000000000003
20,20,8551.3046,40,342.052184,30.799999999999997,-10.799999999999997
42,35,8666.8073,77,667.3441621000001,53.4,-11.399999999999999
32,34,8300.0,66,547.8000000000001,51.7,-19.700000000000003
110,75,7991.0101,185,1478.3368685,112.0,-2.0
51,42,8651.4095,93,804.5810835,65.6,-14.599999999999994
110,81,7877.1445,191,1504.5345995,124.4,-14.400000000000006
135,88,7685.3101,223,1713.8241523,135.8,-0.8000000000000114
4,9,4297.0,13,55.861,16.6,-12.600000000000001
57,38,8549.0875,95,812.1633124999998,58.8,-1.7999999999999972
86,65,8208.8743,151,1239.5400193,97.6,-11.599999999999994
41,37,8558.3512,78,667.5513935999999,57.4,-16.4
125,86,7793.9412,211,1644.5215931999999,133.6,-8.599999999999994
54,50,8383.9114,104,871.9267856,77.7,-23.700000000000003
74,48,8424.2667,122,1027.7605374,74.0,0.0
97,79,7825.3837,176,1377.2675312000001,119.0,-22.0
145,100,7465.0,245,1828.925,153.6,-8.599999999999994
84,62,8293.8581,146,1210.9032826,94.3,-10.299999999999997
88,58,8278.5081,146,1208.6621826,88.6,-0.5999999999999943
95,74,7994.5381,169,1351.0769389,111.0,-16.0
63,41,8453.3832,104,879.1518528000001,64.5,-1.5
57,53,8244.0767,110,906.8484369999999,82.3,-25.299999999999997
52,43,8622.6911,95,819.1556545000001,67.9,-15.900000000000006
100,71,8084.6621,171,1382.4772191,105.6,-5.599999999999994
67,59,8184.0,126,1031.184,90.6,-23.599999999999994
46,33,8676.6172,79,685.4527588000001,50.0,-4.0
15,10,7839.7994,25,195.99498499999999,18.299999999999997,-3.299999999999997
126,89,7719.4137,215,1659.6739455000002,137.7,-11.699999999999989
56,49,8464.7045,105,888.7939725,75.7,-19.700000000000003
139,93,7597.0,232,1762.5040000000001,144.1,-5.099999999999994
13,15,7907.4842,28,221.4095576,24.7,-11.7
54,44,8620.314,98,844.7907720000001,69.0,-15.0
27,25,8670.4087,52,450.86125239999996,39.3,-12.299999999999997
7,3,4531.3512,10,45.313512,7.3,-0.2999999999999998
58,50,8469.0273,108,914.6549484000001,77.7,-19.700000000000003
77,64,8164.609,141,1151.209869,96.6,-19.599999999999994
116,78,7935.942,194,1539.572748,117.1,-1.0999999999999943
51,49,8329.7495,100,832.97495,75.7,-24.700000000000003
42,31,8693.874,73,634.652802,47.599999999999994,-5.599999999999994
14,17,7869.2101,31,243.9455131,28.099999999999998,-14.099999999999998
12,16,7478.7911,28,209.4061508,26.099999999999998,-14.099999999999998
43,30,8648.3455,73,631.3292215,45.7,-2.700000000000003
43,32,8695.6096,75,652.17072,48.7,-5.700000000000003
148,97,7509.2714,245,1839.7714929999997,150.6,-2.5999999999999943
135,89,7670.1438,224,1718.1122112,137.7,-2.6999999999999886
91,60,8230.2741,151,1242.7713891,91.6,-0.5999999999999943
96,67,8156.967,163,1329.585621,99.6,-3.5999999999999943
151,105,7359.0,256,1883.904,159.2,-8.199999999999989
161,108,7294.0,269,1962.0859999999998,163.8,-2.8000000000000114
93,70,8099.1069,163,1320.1544246999997,104.2,-11.200000000000003
25,25,8532.6823,50,426.63411500000007,39.3,-14.299999999999997
34,30,8735.9057,64,559.0979648,45.7,-11.700000000000003
87,69,8089.6032,156,1261.9780991999999,100.9,-13.900000000000006
122,91,7644.8027,213,1628.3429751,139.6,-17.599999999999994
58,46,8584.8485,104,892.8242439999999,72.7,-14.700000000000003
83,74,7828.0,157,1228.996,111.0,-28.0
121,83,7854.2157,204,1602.2600028,129.0,-8.0
7,11,6202.2176,18,111.6399168,20.0,-13.0
154,103,7397.0,257,1901.029,156.7,-2.6999999999999886
57,44,8601.366,101,868.737966,69.0,-12.0
90,61,8241.2723,151,1244.4321173,92.9,-2.9000000000000057
11,8,7566.4952,19,143.7634088,14.2,-3.1999999999999993
92,80,7713.6064,172,1326.7403007999999,122.19999999999999,-30.19999999999999
98,66,8158.7129,164,1338.0289156000001,98.9,-0.9000000000000057
83,63,8261.9327,146,1206.2421742,94.6,-11.599999999999994
20,12,7803.8411,32,249.7229152,21.7,-1.6999999999999993
76,51,8439.811,127,1071.855997,79.3,-3.299999999999997
106,82,7824.8211,188,1471.0663668,125.4,-19.400000000000006
84,64,8248.3398,148,1220.7542904,96.6,-12.599999999999994
70,52,8478.1315,122,1034.3320429999999,80.7,-10.700000000000003
38,37,8448.2762,75,633.620715,57.4,-19.4
126,87,7768.4543,213,1654.6807659,135.2,-9.199999999999989
134,88,7696.6931,222,1708.6658682,135.8,-1.8000000000000114
99,79,7849.3946,178,1397.1922387999998,119.0,-20.0
21,23,8203.4567,44,360.9520948,36.5,-15.5
41,29,8646.8655,70,605.2805850000001,44.7,-3.700000000000003
63,57,8179.0,120,981.48,88.3,-25.299999999999997
49,40,8673.3865,89,771.9313985000001,62.2,-13.200000000000003
8,6,7520.3198,14,105.2844772,11.799999999999999,-3.799999999999999
53,42,8648.7212,95,821.6285140000001,65.6,-12.599999999999994
66,50,8523.1166,116,988.6815256,77.7,-11.700000000000003
89,69,8101.1994,158,1279.9895052000002,100.9,-11.900000000000006
14,19,7392.0,33,243.936,29.799999999999997,-15.799999999999997
138,91,7629.8752,229,1747.2414208000002,139.6,-1.5999999999999943
24,25,8439.915,49,413.55583500000006,39.3,-15.299999999999997
51,35,8632.3659,86,742.3834674,53.4,-2.3999999999999986
65,55,8328.4811,120,999.4177320000001,85.0,-20.0
101,71,8078.2334,172,1389.4561448,105.6,-4.599999999999994
39,25,8437.4175,64,539.9947199999999,39.3,-0.29999999999999716
10,15,6794.0,25,169.85,24.7,-14.7
101,77,7936.563,178,1412.708214,115.7,-14.700000000000003
58,56,8089.6865,114,922.2242609999998,86.0,-28.0
132,93,7607.4231,225,1711.6701975,144.1,-12.099999999999994
55,51,8322.0124,106,882.1333144,79.3,-24.299999999999997
78,54,8427.6229,132,1112.4462228000002,83.4,-5.400000000000006
18,15,8513.8073,33,280.9556409,24.7,-6.699999999999999
78,66,8105.5902,144,1167.2049888,98.9,-20.900000000000006
104,73,8040.8289,177,1423.2267153000003,109.3,-5.299999999999997
108,86,7694.9961,194,1492.8292434,133.6,-25.599999999999994
89,72,8009.1245,161,1289.4690445,106.9,-17.900000000000006
105,81,7837.5161,186,1457.7779946,124.4,-19.400000000000006
103,74,8025.0359,177,1420.4313543,111.0,-8.0
149,96,7515.7677,245,1841.3630865,149.6,-0.5999999999999943
83,69,8056.4387,152,1224.5786824,100.9,-17.900000000000006
142,96,7547.9966,238,1796.4231908000002,149.6,-7.599999999999994
139,96,7547.0,235,1773.5449999999998,149.6,-10.599999999999994
100,76,7972.8681,176,1403.2247856,114.4,-14.400000000000006
137,90,7647.4591,227,1735.9732156999999,139.0,-2.0
53,50,8343.0,103,859.329,77.7,-24.700000000000003
139,90,7634.651,229,1748.335079,139.0,0.0
23,26,8161.3121,49,399.9042929,40.7,-17.700000000000003
116,80,7914.37,196,1551.21652,122.19999999999999,-6.199999999999989
156,107,7318.0,263,1924.6339999999998,163.4,-7.400000000000006
41,27,8520.1301,68,579.3688468,41.7,-0.7000000000000028
89,63,8226.5854,152,1250.4409807999998,94.6,-5.599999999999994
79,65,8151.2877,144,1173.7854287999999,97.6,-18.599999999999994
27,20,8639.3548,47,406.0496756,30.799999999999997,-3.799999999999997
71,61,8177.0,132,1079.364,92.9,-21.900000000000006
51,50,8281.103,101,836.391403,77.7,-26.700000000000003
121,84,7836.2168,205,1606.424444,130.7,-9.699999999999989
29,24,8760.2103,53,464.29114590000006,37.599999999999994,-8.599999999999994
153,103,7398.1605,256,1893.929088,156.7,-3.6999999999999886
57,51,8372.6666,108,904.2479928,79.3,-22.299999999999997
40,40,8365.0,80,669.2,62.2,-22.200000000000003
114,85,7781.4883,199,1548.5161717,132.6,-18.599999999999994
26,27,8477.6578,53,449.31586340000007,41.7,-15.700000000000003
36,36,8429.3193,72,606.9109896,55.4,-19.4
109,75,7992.7517,184,1470.6663128,112.0,-3.0
50,46,8490.0207,96,815.0419871999999,72.7,-22.700000000000003
71,51,8468.3222,122,1033.1353084000002,79.3,-8.299999999999997
78,60,8325.4946,138,1148.9182548,91.6,-13.599999999999994
67,45,8468.8666,112,948.5130592,71.3,-4.299999999999997
58,44,8607.4275,102,877.9576050000001,69.0,-11.0
58,54,8230.0646,112,921.7672352000001,83.4,-25.400000000000006
86,71,8013.3128,157,1258.0901096,105.6,-19.599999999999994
74,52,8463.2397,126,1066.3682022,80.7,-6.700000000000003
95,67,8155.4126,162,1321.1768412,99.6,-4.599999999999994
90,80,7671.0,170,1304.07,122.19999999999999,-32.19999999999999
79,69,7968.5011,148,1179.3381628,100.9,-21.900000000000006
19,13,8100.3449,32,259.2110368,23.4,-4.399999999999999
57,48,8516.8532,105,894.269586,74.0,-17.0
87,78,7703.0,165,1270.9950000000001,117.1,-30.099999999999994
68,52,8476.9857,120,1017.2382839999998,80.7,-12.700000000000003
32,26,8792.2534,58,509.9506972,40.7,-8.700000000000003
127,85,7798.34,212,1653.24808,132.6,-5.599999999999994
62,40,8466.294,102,863.5619879999999,62.2,-0.20000000000000284
141,93,7589.6382,234,1775.9753388000001,144.1,-3.0999999999999943
69,61,8131.0,130,1057.03,92.9,-23.900000000000006
73,51,8456.1517,124,1048.5628107999999,79.3,-6.299999999999997
107,83,7785.3239,190,1479.2115410000001,129.0,-22.0
17,14,8458.2916,31,262.20703960000003,23.4,-6.399999999999999
149,100,7461.8649,249,1858.0043600999998,153.6,-4.599999999999994
106,78,7942.5649,184,1461.4319416,117.1,-11.099999999999994
94,65,8188.8025,159,1302.0195975,97.6,-3.5999999999999943
145,97,7519.0,242,1819.598,150.6,-5.599999999999994
86,67,8153.6372,153,1247.5064916000001,99.6,-13.599999999999994
89,59,8249.5409,148,1220.9320532,90.6,-1.5999999999999943
120,84,7839.0823,204,1599.1727892000001,130.7,-10.699999999999989
42,42,8325.0,84,699.3,65.6,-23.599999999999994
82,57,8377.9987,139,1164.5418193,88.3,-6.299999999999997
76,60,8308.5127,136,1129.9577272,91.6,-15.599999999999994
69,47,8465.9073,116,982.0452468000002,73.0,-4.0
4,4,7062.4356,8,56.4994848,8.7,-4.699999999999999
94,68,8152.3959,162,1320.6881358,100.9,-6.900000000000006
81,67,8108.9797,148,1200.1289955999998,99.6,-18.599999999999994
61,43,8541.107,104,888.275128,67.9,-6.900000000000006
52,38,8696.0043,90,782.640387,58.8,-6.799999999999997
84,68,8119.3485,152,1234.140972,100.9,-16.900000000000006
22,13,7787.1243,35,272.5493505,23.4,-1.3999999999999986
69,46,8457.7342,115,972.639433,72.7,-3.700000000000003
21,25,7916.0805,46,364.139703,39.3,-18.299999999999997
79,67,8063.2426,146,1177.2334196,99.6,-20.599999999999994
84,59,8329.428,143,1191.1082040000001,90.6,-6.599999999999994
146,102,7424.0,248,1841.152,155.1,-9.099999999999994
8,4,5720.7223,12,68.64866760000001,8.7,-0.6999999999999993
104,78,7934.7541,182,1444.1252462,117.1,-13.099999999999994
15,19,7670.0,34,260.78,29.799999999999997,-14.799999999999997
96,64,8183.0171,160,1309.282736,96.6,-0.5999999999999943
136,89,7665.6906,225,1724.7803849999998,137.7,-1.6999999999999886
80,58,8377.0408,138,1156.0316304000003,88.6,-8.599999999999994
92,65,8198.1416,157,1287.1082312000003,97.6,-5.599999999999994
159,110,7250.1551,269,1950.2917218999999,169.3,-10.300000000000011
62,47,8547.9155,109,931.7227894999999,73.0,-11.0
49,33,8611.4153,82,706.1360546000001,50.0,-1.0
46,37,8675.2193,83,720.0432019,57.4,-11.399999999999999
28,17,8181.5991,45,368.17195949999996,28.099999999999998,-0.09999999999999787
24,23,8582.2348,47,403.3650356,36.5,-12.5
65,50,8514.0702,115,979.1180730000001,77.7,-12.700000000000003
154,106,7342.5632,260,1909.0664319999998,159.7,-5.699999999999989
114,82,7873.3374,196,1543.1741304000002,125.4,-11.400000000000006
71,56,8378.456,127,1064.063912,86.0,-15.0
40,35,8627.6497,75,647.0737274999999,53.4,-13.399999999999999
19,15,8448.1856,34,287.2383104,24.7,-5.699999999999999
32,29,8715.5148,61,531.6464028,44.7,-12.700000000000003
64,49,8522.9297,113,963.0910561000001,75.7,-11.700000000000003
30,32,8347.0,62,517.514,48.7,-18.700000000000003
132,89,7690.5039,221,1699.6013618999998,137.7,-5.699999999999989
44,35,8687.5956,79,686.3200524,53.4,-9.399999999999999
75,59,8312.8817,134,1113.9261478,90.6,-15.599999999999994
24,28,8083.8977,52,420.3626804,43.8,-19.799999999999997
48,36,8717.4473,84,732.2655732,55.4,-7.399999999999999
139,94,7583.7968,233,1767.0246544,147.3,-8.300000000000011
152,101,7438.0,253,1881.8139999999999,154.2,-2.1999999999999886
152,100,7456.0351,252,1878.9208452,153.6,-1.5999999999999943
46,46,8275.5695,92,761.352394,72.7,-26.700000000000003
150,99,7474.0,249,1861.026,152.9,-2.9000000000000057
67,52,8462.0785,119,1006.9873415000001,80.7,-13.700000000000003
78,65,8138.2176,143,1163.7651168000002,97.6,-19.599999999999994
44,40,8549.0301,84,718.1185284,62.2,-18.200000000000003
131,85,7753.0024,216,1674.6485184,132.6,-1.5999999999999943
19,14,8361.0596,33,275.9149668,23.4,-4.399999999999999
121,86,7787.9987,207,1612.1157309,133.6,-12.599999999999994
138,93,7602.1321,231,1756.0925151,144.1,-6.099999999999994
34,29,8752.1404,63,551.3848452,44.7,-10.700000000000003
53,45,8560.8038,98,838.9587724,71.3,-18.299999999999997
41,38,8523.8558,79,673.3846082,58.8,-17.799999999999997
31,23,8662.1382,54,467.7554628,36.5,-5.5
35,28,8763.4955,63,552.1002165000001,43.8,-8.799999999999997
9,11,7298.5028,20,145.970056,20.0,-11.0
113,86,7741.0568,199,1540.4703032,133.6,-20.599999999999994
156,105,7357.0,261,1920.1770000000001,159.2,-3.1999999999999886
8,14,6044.0,22,132.968,23.4,-15.399999999999999
82,63,8269.2744,145,1199.0447880000002,94.6,-12.599999999999994
112,76,7973.8656,188,1499.0867328,114.4,-2.4000000000000057
113,78,7938.7279,191,1516.2970289,117.1,-4.099999999999994
125,85,7811.6638,210,1640.449398,132.6,-7.599999999999994
108,82,7841.1294,190,1489.814586,125.4,-17.400000000000006
55,42,8635.0926,97,837.6039822,65.6,-10.599999999999994
92,69,8120.4906,161,1307.3989866,100.9,-8.900000000000006
21,22,8352.8054,43,359.1706322,34.2,-13.200000000000003
82,70,8015.4371,152,1218.3464392,104.2,-22.200000000000003
107,79,7909.5409,186,1471.1746074,119.0,-12.0
59,49,8495.2516,108,917.4871727999999,75.7,-16.700000000000003
112,84,7804.7445,196,1529.729922,130.7,-18.69999999999999
109,77,7958.0473,186,1480.1967978,115.7,-6.700000000000003
76,64,8154.9757,140,1141.696598,96.6,-20.599999999999994
31,27,8738.9719,58,506.86037020000003,41.7,-10.700000000000003
31,25,8738.3358,56,489.3468048000001,39.3,-8.299999999999997
122,81,7886.053,203,1600.868759,124.4,-2.4000000000000057
145,96,7536.8488,241,1816.3805607999998,149.6,-4.599999999999994
69,56,8358.1784,125,1044.7723,86.0,-17.0
52,49,8370.426,101,845.4130260000001,75.7,-23.700000000000003
56,44,8619.3593,100,861.9359299999999,69.0,-13.0
96,68,8149.0191,164,1336.4391324,100.9,-4.900000000000006
26,25,8633.7602,51,440.32177020000006,39.3,-13.299999999999997
115,87,7719.0125,202,1559.240525,135.2,-20.19999999999999
98,77,7917.9112,175,1385.63446,115.7,-17.700000000000003
6,4,6497.6306,10,64.97630600000001,8.7,-2.6999999999999993
67,48,8510.7252,115,978.7333980000002,74.0,-7.0
19,16,8537.8511,35,298.82478849999995,26.099999999999998,-7.099999999999998
30,21,8597.2213,51,438.45828629999994,33.099999999999994,-3.0999999999999943
106,72,8049.4438,178,1432.8009964,106.9,-0.9000000000000057
119,81,7889.7037,200,1577.94074,124.4,-5.400000000000006
71,48,8461.4381,119,1006.9111338999999,74.0,-3.0
28,21,8686.2805,49,425.6277445,33.099999999999994,-5.099999999999994
70,46,8449.2755,116,980.1159580000001,72.7,-2.700000000000003
15,14,8448.6361,29,245.0104469,23.4,-8.399999999999999
36,24,8540.1876,60,512.411256,37.599999999999994,-1.5999999999999943
111,87,7679.1873,198,1520.4790854,135.2,-24.19999999999999
144,98,7509.0991,242,1817.2019822,152.3,-8.300000000000011
148,98,7499.122,246,1844.784012,152.3,-4.300000000000011
49,35,8671.3294,84,728.3916696000001,53.4,-4.399999999999999
16,14,8520.6549,30,255.61964700000001,23.4,-7.399999999999999
19,12,7869.1886,31,243.9448466,21.7,-2.6999999999999993
43,34,8694.6908,77,669.4911916,51.7,-8.700000000000003
24,19,8576.2204,43,368.7774772,29.799999999999997,-5.799999999999997
54,42,8653.988,96,830.7828480000001,65.6,-11.599999999999994
160,108,7297.0,268,1955.596,163.8,-3.8000000000000114
107,84,7753.7871,191,1480.9733360999999,130.7,-23.69999999999999
23,25,8274.1924,48,397.1612352,39.3,-16.299999999999997
91,75,7909.6392,166,1313.0001072,112.0,-21.0
95,66,8173.3093,161,1315.9027973,98.9,-3.9000000000000057
45,42,8462.4243,87,736.2309141000001,65.6,-20.599999999999994
72,46,8405.2197,118,991.8159246,72.7,-0.7000000000000028
26,17,8323.8672,43,357.9262896,28.099999999999998,-2.099999999999998
43,36,8657.113,79,683.9119269999999,55.4,-12.399999999999999
61,50,8493.131,111,942.737541,77.7,-16.700000000000003
36,33,8611.8214,69,594.2156766,50.0,-14.0
81,71,7926.0,152,1204.752,105.6,-24.599999999999994
97,70,8106.202,167,1353.7357339999999,104.2,-7.200000000000003
49,39,8682.5396,88,764.0634848,60.099999999999994,-11.099999999999994
4,3,5606.4401,7,39.245080699999995,7.3,-3.3
152,99,7465.8842,251,1873.9369342000002,152.9,-0.9000000000000057
41,31,8687.0893,72,625.4704296,47.599999999999994,-6.599999999999994
6,3,5037.7685,9,45.3399165,7.3,-1.2999999999999998
89,78,7746.0,167,1293.582,117.1,-28.099999999999994
97,80,7789.8947,177,1378.8113618999998,122.19999999999999,-25.19999999999999
38,35,8568.0803,73,625.4698619,53.4,-15.399999999999999
28,19,8514.8795,47,400.19933649999996,29.799999999999997,-1.7999999999999972
69,54,8420.9239,123,1035.7736397,83.4,-14.400000000000006
33,35,8239.0,68,560.2520000000001,53.4,-20.4
26,20,8668.9848,46,398.7733008,30.799999999999997,-4.799999999999997
68,48,8512.3511,116,987.4327276,74.0,-6.0
108,74,8018.3096,182,1459.3323472,111.0,-3.0
85,57,8320.8263,142,1181.5573346,88.3,-3.299999999999997
103,71,8071.454,174,1404.4329959999998,105.6,-2.5999999999999943
115,78,7933.7875,193,1531.2209875,117.1,-2.0999999999999943
68,46,8488.0056,114,967.6326384000001,72.7,-4.700000000000003
102,82,7782.7264,184,1432.0216576,125.4,-23.400000000000006
87,70,8062.7551,157,1265.8525507000002,104.2,-17.200000000000003
28,22,8755.7227,50,437.786135,34.2,-6.200000000000003
41,40,8395.1519,81,680.0073039,62.2,-21.200000000000003
121,82,7877.397,203,1599.111591,125.4,-4.400000000000006
101,72,8066.0164,173,1395.4208372,106.9,-5.900000000000006
31,24,8731.9362,55,480.256491,37.599999999999994,-6.599999999999994
90,72,8027.1171,162,1300.3929702,106.9,-16.900000000000006
48,41,8616.8184,89,766.8968376,64.5,-16.5
132,85,7744.6172,217,1680.5819324,132.6,-0.5999999999999943
37,29,8731.473,66,576.277218,44.7,-7.700000000000003
43,37,8611.676,80,688.93408,57.4,-14.399999999999999
157,107,7315.0,264,1931.16,163.4,-6.400000000000006
48,38,8708.4566,86,748.9272675999999,58.8,-10.799999999999997
79,71,7866.0,150,1179.8999999999999,105.6,-26.599999999999994
97,68,8139.9348,165,1343.089242,100.9,-3.9000000000000057
27,19,8518.0428,46,391.8299688,29.799999999999997,-2.799999999999997
88,68,8141.9084,156,1270.1377104,100.9,-12.900000000000006
67,58,8242.0,125,1030.25,88.6,-21.599999999999994
95,78,7845.3856,173,1357.2517088,117.1,-22.099999999999994
88,67,8159.2055,155,1264.6768525,99.6,-11.599999999999994
12,9,7738.2934,21,162.5041614,16.6,-4.600000000000001
11,5,5507.3535,16,88.117656,11.799999999999999,-0.7999999999999989
82,60,8346.031,142,1185.136402,91.6,-9.599999999999994
21,14,8169.5644,35,285.934754,23.4,-2.3999999999999986
48,34,8693.1973,82,712.8421786,51.7,-3.700000000000003
65,45,8504.2551,110,935.468061,71.3,-6.299999999999997
90,68,8147.927,158,1287.3724659999998,100.9,-10.900000000000006
6,11,5522.7653,17,93.8870101,20.0,-14.0
76,61,8263.6516,137,1132.1202692,92.9,-16.900000000000006
106,79,7909.441,185,1463.246585,119.0,-13.0
112,79,7924.6819,191,1513.6142429,119.0,-7.0
94,71,8076.746,165,1332.66309,105.6,-11.599999999999994
82,66,8180.943,148,1210.7795640000002,98.9,-16.900000000000006
37,32,8680.964,69,598.9865159999999,48.7,-11.700000000000003
123,90,7683.847,213,1636.659411,139.0,-16.0
145,99,7483.0,244,1825.8519999999999,152.9,-7.900000000000006
111,84,7791.3155,195,1519.3065225,130.7,-19.69999999999999
148,96,7523.9527,244,1835.8444588,149.6,-1.5999999999999943
157,105,7352.0,262,1926.2240000000002,159.2,-2.1999999999999886
39,26,8546.347,65,555.5125549999999,40.7,-1.7000000000000028
56,43,8613.6105,99,852.7474395,67.9,-11.900000000000006
84,70,8039.9402,154,1238.1507908,104.2,-20.200000000000003
61,53,8344.779,114,951.3048060000001,82.3,-21.299999999999997
65,53,8406.1203,118,991.9221954000002,82.3,-17.299999999999997
85,73,7907.0,158,1249.306,109.3,-24.299999999999997
79,64,8198.3188,143,1172.3595884,96.6,-17.599999999999994
100,79,7865.6374,179,1407.9490945999999,119.0,-19.0
84,66,8189.1495,150,1228.3724250000002,98.9,-14.900000000000006
45,40,8564.0394,85,727.943349,62.2,-17.200000000000003
20,27,7396.0,47,347.612,41.7,-21.700000000000003
86,60,8304.0927,146,1212.3975342,91.6,-5.599999999999994
11,10,7971.7136,21,167.4059856,18.299999999999997,-7.299999999999997
4,6,6032.0426,10,60.320426,11.799999999999999,-7.799999999999999
101,83,7712.0,184,1419.008,129.0,-28.0
37,34,8586.0606,71,609.6103026000001,51.7,-14.700000000000003
56,42,8635.1691,98,846.2465717999999,65.6,-9.599999999999994
12,8,7568.5707,20,151.37141400000002,14.2,-2.1999999999999993
42,39,8505.9031,81,688.9781511,60.099999999999994,-18.099999999999994
19,24,7680.0,43,330.24,37.599999999999994,-18.599999999999994
49,42,8613.6286,91,783.8402026,65.6,-16.599999999999994
87,73,7938.2704,160,1270.123264,109.3,-22.299999999999997
50,38,8732.5958,88,768.4684303999999,58.8,-8.799999999999997
1,4,18.0,5,0.09,8.7,-7.699999999999999
76,62,8237.9286,138,1136.8341468,94.3,-18.299999999999997
57,45,8576.9818,102,874.8521436000001,71.3,-14.299999999999997
55,54,8107.3071,109,883.6964739,83.4,-28.400000000000006
34,25,8680.9224,59,512.1744216,39.3,-5.299999999999997
4,8,4881.9755,12,58.58370599999999,14.2,-10.2
128,84,7810.2438,212,1655.7716856,130.7,-2.6999999999999886
13,12,8223.5028,25,205.58757,21.7,-8.7
26,26,8609.6079,52,447.6996108,40.7,-14.700000000000003
58,55,8148.623,113,920.7943989999999,85.0,-27.0
22,20,8616.5646,42,361.8957132,30.799999999999997,-8.799999999999997
12,19,6487.0,31,201.097,29.799999999999997,-17.799999999999997
69,57,8312.4268,126,1047.3657767999998,88.3,-19.299999999999997
106,74,8025.4434,180,1444.579812,111.0,-5.0
126,83,7847.9869,209,1640.2292621,129.0,-3.0
47,45,8373.4211,92,770.3547412,71.3,-24.299999999999997
75,55,8408.7848,130,1093.142024,85.0,-10.0
89,71,8038.3387,160,1286.134192,105.6,-16.599999999999994
93,68,8145.8628,161,1311.4839107999999,100.9,-7.900000000000006
120,90,7669.0764,210,1610.506044,139.0,-19.0
22,26,8022.7254,48,385.09081920000006,40.7,-18.700000000000003
35,34,8503.7082,69,586.7558657999999,51.7,-16.700000000000003
16,20,7815.8799,36,281.3716764,30.799999999999997,-14.799999999999997
48,39,8674.8451,87,754.7115237,60.099999999999994,-12.099999999999994
111,86,7722.119,197,1521.257443,133.6,-22.599999999999994
45,34,8695.5923,79,686.9517917,51.7,-6.700000000000003
114,88,7685.5684,202,1552.4848168,135.8,-21.80000000000001
52,37,8664.1895,89,771.1128655000001,57.4,-5.399999999999999
100,72,8071.7439,172,1388.3399508,106.9,-6.900000000000006
93,67,8158.6004,160,1305.376064,99.6,-6.599999999999994
80,54,8413.6994,134,1127.4357195999999,83.4,-3.4000000000000057
122,88,7741.3687,210,1625.6874269999998,135.8,-13.800000000000011
6,9,6497.4597,15,97.4618955,16.6,-10.600000000000001
92,75,7929.0,167,1324.143,112.0,-20.0
13,11,8063.4882,24,193.5237168,20.0,-7.0
46,40,8614.0523,86,740.8084977999999,62.2,-16.200000000000003
78,68,8010.5127,146,1169.5348542,100.9,-22.900000000000006
121,91,7633.6289,212,1618.3293268,139.6,-18.599999999999994
32,22,8599.6917,54,464.38335179999996,34.2,-2.200000000000003
133,88,7701.1352,221,1701.9508792,135.8,-2.8000000000000114
36,26,8692.8831,62,538.9587521999999,40.7,-4.700000000000003
75,69,7850.0,144,1130.3999999999999,100.9,-25.900000000000006
90,66,8192.4366,156,1278.0201096,98.9,-8.900000000000006
103,70,8087.4276,173,1399.1249748,104.2,-1.2000000000000028
45,47,8080.0,92,743.36,73.0,-28.0
79,59,8339.2195,138,1150.8122909999997,90.6,-11.599999999999994
101,80,7839.6792,181,1418.9819352,122.19999999999999,-21.19999999999999
17,12,8113.5317,29,235.29241929999998,21.7,-4.699999999999999
10,7,7286.2294,17,123.8658998,13.5,-3.5
18,13,8225.518,31,254.99105799999998,23.4,-5.399999999999999
20,18,8614.2807,38,327.34266660000003,28.099999999999998,-8.099999999999998
9,8,7750.7291,17,131.7623947,14.2,-5.199999999999999
36,35,8481.4629,71,602.1838659,53.4,-17.4
14,9,7622.3447,23,175.3139281,16.6,-2.6000000000000014
84,69,8071.2571,153,1234.9023363000001,100.9,-16.900000000000006
116,88,7704.1238,204,1571.6412552000002,135.8,-19.80000000000001
92,74,7974.8951,166,1323.8325866,111.0,-19.0
91,67,8158.4709,158,1289.0384022,99.6,-8.599999999999994
16,17,8304.7557,33,274.05693809999997,28.099999999999998,-12.099999999999998
14,14,8447.7445,28,236.53684600000003,23.4,-9.399999999999999
69,48,8488.974,117,993.209958,74.0,-5.0
50,45,8525.3707,95,809.9102164999999,71.3,-21.299999999999997
9,14,6554.0,23,150.74200000000002,23.4,-14.399999999999999
14,10,7993.3252,24,191.8398048,18.299999999999997,-4.299999999999997
108,85,7727.1099,193,1491.3322107000001,132.6,-24.599999999999994
129,87,7742.4513,216,1672.3694808,135.2,-6.199999999999989
32,35,8148.0,67,545.9159999999999,53.4,-21.4
80,52,8408.4859,132,1109.9201388000001,80.7,-0.7000000000000028
91,69,8110.8124,160,1297.729984,100.9,-9.900000000000006
72,51,8472.3196,123,1042.0953108,79.3,-7.299999999999997
13,16,7746.3826,29,224.64509539999997,26.099999999999998,-13.099999999999998
18,21,8013.4575,39,312.52484250000003,33.099999999999994,-15.099999999999994
75,64,8126.0,139,1129.514,96.6,-21.599999999999994
38,30,8755.682,68,595.386376,45.7,-7.700000000000003
84,72,7952.6676,156,1240.6161456,106.9,-22.900000000000006
56,47,8537.652,103,879.378156,73.0,-17.0
76,65,8097.4761,141,1141.7441301,97.6,-21.599999999999994
104,72,8061.3604,176,1418.7994304,106.9,-2.9000000000000057
18,11,7682.1522,29,222.78241380000003,20.0,-2.0
95,70,8104.8399,165,1337.2985835,104.2,-9.200000000000003
59,45,8568.9501,104,891.1708104,71.3,-12.299999999999997
44,43,8347.7449,87,726.2538063000001,67.9,-23.900000000000006
84,75,7795.0,159,1239.405,112.0,-28.0
88,77,7776.0,165,1283.04,115.7,-27.700000000000003
9,12,7105.0317,21,149.2056657,21.7,-12.7
26,30,8106.0,56,453.936,45.7,-19.700000000000003
8,10,7341.2577,18,132.1426386,18.299999999999997,-10.299999999999997
47,36,8695.7295,83,721.7455484999999,55.4,-8.399999999999999
111,79,7918.8345,190,1504.578555,119.0,-8.0
111,74,7992.9083,185,1478.6880355,111.0,0.0
77,60,8309.5892,137,1138.4137203999999,91.6,-14.599999999999994
60,49,8513.1027,109,927.9281943,75.7,-15.700000000000003
70,64,8008.0,134,1073.072,96.6,-26.599999999999994
141,94,7578.8799,235,1781.0367764999999,147.3,-6.300000000000011
141,92,7603.9574,233,1771.7220742000002,142.9,-1.9000000000000057
152,106,7342.0,258,1894.2359999999999,159.7,-7.699999999999989
42,44,8133.0,86,699.4379999999999,69.0,-27.0
78,51,8418.0598,129,1085.9297142000003,79.3,-1.2999999999999972
22,28,7702.0,50,385.1,43.8,-21.799999999999997
19,20,8369.6711,39,326.41717289999997,30.799999999999997,-11.799999999999997
109,86,7700.3841,195,1501.5748995,133.6,-24.599999999999994
19,22,8034.3889,41,329.40994489999997,34.2,-15.200000000000003
73,64,8080.0,137,1106.96,96.6,-23.599999999999994
103,75,7998.1576,178,1423.6720528,112.0,-9.0
10,13,7335.7275,23,168.7217325,23.4,-13.399999999999999
29,30,8473.7802,59,499.9530317999999,45.7,-16.700000000000003
53,40,8671.6207,93,806.4607251,62.2,-9.200000000000003
19,21,8173.6697,40,326.94678799999997,33.099999999999994,-14.099999999999994
144,99,7486.0,243,1819.098,152.9,-8.900000000000006
161,110,7252.0,271,1965.292,169.3,-8.300000000000011
15,11,8004.2013,26,208.1092338,20.0,-5.0
108,73,8023.405,181,1452.2363050000001,109.3,-1.2999999999999972
10,6,6922.0546,16,110.7528736,11.799999999999999,-1.799999999999999
104,84,7724.6544,188,1452.2350272,130.7,-26.69999999999999
139,92,7613.3879,231,1758.6926048999999,142.9,-3.9000000000000057
40,30,8729.8086,70,611.086602,45.7,-5.700000000000003
85,69,8074.209,154,1243.4281859999999,100.9,-15.900000000000006
47,42,8544.9851,89,760.5036739,65.6,-18.599999999999994
102,81,7815.6741,183,1430.2683603,124.4,-22.400000000000006
124,86,7796.6653,210,1637.2997129999999,133.6,-9.599999999999994
1,3,1153.7603,4,4.615041199999999,7.3,-6.3
98,80,7811.3607,178,1390.4222046,122.19999999999999,-24.19999999999999
80,55,8401.3393,135,1134.1808055,85.0,-5.0
59,56,8116.0,115,933.3399999999999,86.0,-27.0
95,73,8019.4287,168,1347.2640216000002,109.3,-14.299999999999997
16,10,7751.911,26,201.549686,18.299999999999997,-2.299999999999997
97,69,8118.9357,166,1347.7433262,100.9,-3.9000000000000057
108,84,7771.0542,192,1492.0424064,130.7,-22.69999999999999
56,40,8635.3283,96,828.9915168,62.2,-6.200000000000003
117,83,7848.4969,200,1569.69938,129.0,-12.0
81,53,8389.0722,134,1124.1356748,82.3,-1.2999999999999972
76,69,7889.0,145,1143.905,100.9,-24.900000000000006
50,44,8583.662,94,806.864228,69.0,-19.0
83,73,7872.0,156,1228.032,109.3,-26.299999999999997
86,76,7794.0,162,1262.628,114.4,-28.400000000000006
118,90,7652.5716,208,1591.7348928,139.0,-21.0
115,85,7783.7601,200,1556.7520200000001,132.6,-17.599999999999994
38,28,8739.5086,66,576.8075676,43.8,-5.799999999999997
40,27,8581.7422,67,574.9767274000001,41.7,-1.7000000000000028
109,76,7981.3047,185,1476.5413695,114.4,-5.400000000000006
107,78,7939.7779,185,1468.8589115,117.1,-10.099999999999994
11,12,7901.1229,23,181.72582670000003,21.7,-10.7
143,99,7483.0,242,1810.886,152.9,-9.900000000000006
45,41,8502.2231,86,731.1911865999998,64.5,-19.5
118,79,7915.6548,197,1559.3839956000002,119.0,-1.0
52,46,8533.8999,98,836.3221902,72.7,-20.700000000000003
87,60,8283.6036,147,1217.6897292,91.6,-4.599999999999994
8,9,7542.3284,17,128.2195828,16.6,-8.600000000000001
74,63,8150.5738,137,1116.6286106,94.6,-20.599999999999994
50,47,8423.2121,97,817.0515737000001,73.0,-23.0
98,79,7843.8623,177,1388.3636271,119.0,-21.0
84,61,8302.6583,145,1203.8854534999998,92.9,-8.900000000000006
23,19,8551.2571,42,359.1527982,29.799999999999997,-6.799999999999997
22,14,8112.5199,36,292.0507164,23.4,-1.3999999999999986
67,55,8359.1515,122,1019.816483,85.0,-18.0
29,27,8694.8386,56,486.91096159999995,41.7,-12.700000000000003
104,82,7805.342,186,1451.793612,125.4,-21.400000000000006
67,57,8278.2926,124,1026.5082824,88.3,-21.299999999999997
151,99,7469.0,250,1867.25,152.9,-1.9000000000000057
121,85,7808.8904,206,1608.6314224,132.6,-11.599999999999994
70,62,8122.0,132,1072.104,94.3,-24.299999999999997
87,61,8268.2283,148,1223.6977884,92.9,-5.900000000000006
130,90,7684.4964,220,1690.5892079999999,139.0,-9.0
100,75,7994.8168,175,1399.09294,112.0,-12.0
3,4,5371.5487,7,37.6008409,8.7,-5.699999999999999
41,30,8689.0417,71,616.9219607,45.7,-4.700000000000003
39,42,8054.0,81,652.374,65.6,-26.599999999999994
25,21,8622.0215,46,396.612989,33.099999999999994,-8.099999999999994
52,48,8437.7375,100,843.77375,74.0,-22.0
23,28,7870.0,51,401.37,43.8,-20.799999999999997
130,92,7637.7651,222,1695.5838522,142.9,-12.900000000000006
50,49,8304.0,99,822.096,75.7,-25.700000000000003
66,49,8516.5472,115,979.4029280000002,75.7,-9.700000000000003
58,43,8593.1366,101,867.9067965999999,67.9,-9.900000000000006
101,73,8040.4528,174,1399.0387872000001,109.3,-8.299999999999997
34,31,8662.1601,65,563.0404065,47.599999999999994,-13.599999999999994
143,98,7507.0,241,1809.187,152.3,-9.300000000000011
71,60,8230.3045,131,1078.1698895000002,91.6,-20.599999999999994
66,58,8229.0,124,1020.396,88.6,-22.599999999999994
73,50,8467.2313,123,1041.4694499,77.7,-4.700000000000003
34,33,8530.5685,67,571.5480895,50.0,-16.0
46,43,8450.5758,89,752.1012462000001,67.9,-21.900000000000006
8,7,7699.4603,15,115.4919045,13.5,-5.5
66,47,8516.066,113,962.315458,73.0,-7.0
62,42,8527.9063,104,886.9022552,65.6,-3.5999999999999943
51,34,8610.3045,85,731.8758825,51.7,-0.7000000000000028
74,59,8310.2588,133,1105.2644204,90.6,-16.599999999999994
83,64,8243.3366,147,1211.7704802,96.6,-13.599999999999994
54,41,8647.2133,95,821.4852634999999,64.5,-10.5
122,80,7896.8505,202,1595.163801,122.19999999999999,-0.19999999999998863
100,80,7836.1111,180,1410.499998,122.19999999999999,-22.19999999999999
89,65,8196.6697,154,1262.2871338000002,97.6,-8.599999999999994
70,57,8333.5412,127,1058.3597324,88.3,-18.299999999999997
66,53,8426.8924,119,1002.8001955999999,82.3,-16.299999999999997
28,27,8669.6204,55,476.829122,41.7,-13.700000000000003
47,40,8623.6545,87,750.2579415,62.2,-15.200000000000003
98,67,8146.9591,165,1344.2482515,99.6,-1.5999999999999943
110,87,7673.764,197,1511.731508,135.2,-25.19999999999999
34,26,8755.8539,60,525.351234,40.7,-6.700000000000003
56,51,8358.7344,107,894.3845808,79.3,-23.299999999999997
63,44,8533.3676,107,913.0703332,69.0,-6.0
42,43,8215.0,85,698.275,67.9,-25.900000000000006
70,65,7939.0,135,1071.765,97.6,-27.599999999999994
70,53,8449.1896,123,1039.2503208,82.3,-12.299999999999997
59,51,8412.6821,110,925.3950309999999,79.3,-20.299999999999997
132,86,7738.7527,218,1687.0480886,133.6,-1.5999999999999943
112,85,7766.0174,197,1529.9054278,132.6,-20.599999999999994
136,97,7519.0,233,1751.9270000000001,150.6,-14.599999999999994
141,95,7561.0,236,1784.396,148.0,-7.0
154,107,7317.3313,261,1909.8234693,163.4,-9.400000000000006
104,71,8069.1412,175,1412.0997100000002,105.6,-1.5999999999999943
102,76,7981.9128,178,1420.7804784,114.4,-12.400000000000006
131,86,7744.4037,217,1680.5356029,133.6,-2.5999999999999943
92,72,8043.8142,164,1319.1855288,106.9,-14.900000000000006
72,64,8064.0,136,1096.704,96.6,-24.599999999999994
94,79,7788.2348,173,1347.3646204000001,119.0,-25.0
117,85,7794.5637,202,1574.5018673999998,132.6,-15.599999999999994
92,67,8165.1066,159,1298.2519494,99.6,-7.599999999999994
80,69,8004.0,149,1192.596,100.9,-20.900000000000006
98,72,8070.8762,170,1372.0489539999999,106.9,-8.900000000000006
72,61,8204.2841,133,1091.1697853,92.9,-20.900000000000006
74,61,8236.7933,135,1111.9670955,92.9,-18.900000000000006
149,102,7423.0,251,1863.173,155.1,-6.099999999999994
144,94,7568.3611,238,1801.2699418,147.3,-3.3000000000000114
83,60,8330.4893,143,1191.2599699,91.6,-8.599999999999994
55,48,8489.7547,103,874.4447340999999,74.0,-19.0
13,10,7955.2561,23,182.9708903,18.299999999999997,-5.299999999999997
70,58,8306.9259,128,1063.2865152,88.6,-18.599999999999994
68,45,8456.8165,113,955.6202645000001,71.3,-3.299999999999997
91,76,7873.9557,167,1314.9506019,114.4,-23.400000000000006
51,40,8693.3149,91,791.0916558999999,62.2,-11.200000000000003
149,97,7502.8035,246,1845.689661,150.6,-1.5999999999999943
106,81,7852.465,187,1468.410955,124.4,-18.400000000000006
14,8,7364.8722,22,162.0271884,14.2,-0.1999999999999993
10,14,7167.2329,24,172.0135896,23.4,-13.399999999999999
65,57,8235.0,122,1004.67,88.3,-23.299999999999997
75,49,8414.3243,124,1043.3762132000002,75.7,-0.7000000000000028
70,49,8486.1387,119,1009.8505053,75.7,-5.700000000000003
49,46,8428.9807,95,800.7531665,72.7,-23.700000000000003
99,67,8135.4933,166,1350.4918878,99.6,-0.5999999999999943
113,79,7920.1033,192,1520.6598336,119.0,-6.0
99,71,8081.6686,170,1373.8836620000002,105.6,-6.599999999999994
87,59,8280.325,146,1208.9274500000001,90.6,-3.5999999999999943
37,33,8621.5541,70,603.508787,50.0,-13.0
158,106,7338.0,264,1937.232,159.7,-1.6999999999999886
24,26,8354.0268,50,417.70133999999996,40.7,-16.700000000000003
20,28,7236.0,48,347.328,43.8,-23.799999999999997
59,53,8299.8801,112,929.5865712000001,82.3,-23.299999999999997
77,66,8075.0527,143,1154.7325361,98.9,-21.900000000000006
64,48,8544.7306,112,957.0098272000001,74.0,-10.0
54,46,8563.5652,100,856.3565199999999,72.7,-18.700000000000003
149,103,7400.0,252,1864.8000000000002,156.7,-7.699999999999989
28,32,8113.0,60,486.78,48.7,-20.700000000000003
114,84,7817.5611,198,1547.8770978,130.7,-16.69999999999999
113,83,7831.9009,196,1535.0525764,129.0,-16.0
98,81,7763.4942,179,1389.6654618,124.4,-26.400000000000006
56,39,8604.9644,95,817.471618,60.099999999999994,-4.099999999999994
20,16,8575.39,36,308.71403999999995,26.099999999999998,-6.099999999999998
90,69,8112.7549,159,1289.9280291,100.9,-10.900000000000006
74,57,8370.3676,131,1096.5181556,88.3,-14.299999999999997
6,7,7238.8634,13,94.10522420000001,13.5,-7.5
97,72,8061.7791,169,1362.4406678999999,106.9,-9.900000000000006
44,42,8434.7175,86,725.3857050000001,65.6,-21.599999999999994
11,11,7915.6624,22,174.14457280000002,20.0,-9.0
14,16,8122.7081,30,243.68124300000002,26.099999999999998,-12.099999999999998
78,59,8341.7074,137,1142.8139138,90.6,-12.599999999999994
73,47,8395.3281,120,1007.439372,73.0,0.0
95,79,7797.0,174,1356.6779999999999,119.0,-24.0
130,93,7607.5654,223,1696.4870842,144.1,-14.099999999999994
155,102,7409.6587,257,1904.2822858999998,155.1,-0.09999999999999432
72,55,8411.5617,127,1068.2683359,85.0,-13.0
80,57,8381.8807,137,1148.3176559,88.3,-8.299999999999997
93,63,8204.6192,156,1279.9205952,94.6,-1.5999999999999943
132,88,7711.6879,220,1696.571338,135.8,-3.8000000000000114
94,64,8201.8229,158,1295.8880182,96.6,-2.5999999999999943
43,33,8682.8172,76,659.8941071999999,50.0,-7.0
32,33,8396.2351,65,545.7552815,50.0,-18.0
146,100,7467.9608,246,1837.1183568000001,153.6,-7.599999999999994
81,66,8156.768,147,1199.0448959999999,98.9,-17.900000000000006
87,71,8018.5685,158,1266.933823,105.6,-18.599999999999994
106,76,7989.7287,182,1454.1306233999999,114.4,-8.400000000000006
36,25,8598.9157,61,524.5338577,39.3,-3.299999999999997
124,92,7631.3072,216,1648.3623552000001,142.9,-18.900000000000006
86,58,8314.7612,144,1197.3256128000003,88.6,-2.5999999999999943
5,6,6676.4563,11,73.4410193,11.799999999999999,-6.799999999999999
83,72,7929.0,155,1228.9950000000001,106.9,-23.900000000000006
90,59,8238.304,149,1227.507296,90.6,-0.5999999999999943
88,78,7733.0,166,1283.6779999999999,117.1,-29.099999999999994
48,45,8434.8255,93,784.4387715,71.3,-23.299999999999997
60,50,8496.0875,110,934.569625,77.7,-17.700000000000003
133,86,7723.7784,219,1691.5074696000001,133.6,-0.5999999999999943
17,16,8497.6304,33,280.4218032,26.099999999999998,-9.099999999999998
126,88,7749.1719,214,1658.3227866,135.8,-9.800000000000011
111,76,7973.7814,187,1491.0971218,114.4,-3.4000000000000057
70,59,8254.3808,129,1064.8151232000002,90.6,-20.599999999999994
85,72,7960.0,157,1249.72,106.9,-21.900000000000006
75,61,8243.7207,136,1121.1460152,92.9,-17.900000000000006
100,81,7791.9183,181,1410.3372123,124.4,-24.400000000000006
54,49,8423.7199,103,867.6431497,75.7,-21.700000000000003
44,32,8705.2364,76,661.5979664,48.7,-4.700000000000003
68,50,8516.5341,118,1004.9510238000001,77.7,-9.700000000000003
76,55,8415.0317,131,1102.3691527,85.0,-9.0
67,53,8423.6745,120,1010.8409399999998,82.3,-15.299999999999997
36,37,8305.0821,73,606.2709933,57.4,-21.4
57,43,8595.1184,100,859.5118399999999,67.9,-10.900000000000006
37,40,8075.0,77,621.775,62.2,-25.200000000000003
18,20,8240.0434,38,313.12164920000004,30.799999999999997,-12.799999999999997
63,42,8494.863,105,891.9606149999998,65.6,-2.5999999999999943
163,108,7288.0,271,1975.048,163.8,-0.8000000000000114
84,58,8347.07,142,1185.28394,88.6,-4.599999999999994
81,57,8375.0835,138,1155.7615230000001,88.3,-7.299999999999997
113,84,7805.7136,197,1537.7255791999999,130.7,-17.69999999999999
110,82,7854.6482,192,1508.0924544,125.4,-15.400000000000006
128,91,7661.3783,219,1677.8418477,139.6,-11.599999999999994
49,50,8161.0,99,807.939,77.7,-28.700000000000003
82,59,8353.9852,141,1177.9119131999998,90.6,-8.599999999999994
71,54,8430.939,125,1053.867375,83.4,-12.400000000000006
94,78,7839.246,172,1348.350312,117.1,-23.099999999999994
15,12,8263.8525,27,223.1240175,21.7,-6.699999999999999
132,87,7721.1759,219,1690.9375221,135.2,-3.1999999999999886
38,36,8533.039,74,631.444886,55.4,-17.4
65,58,8193.0,123,1007.7389999999999,88.6,-23.599999999999994
72,58,8333.2164,130,1083.3181319999999,88.6,-16.599999999999994
106,73,8033.5869,179,1438.0120551,109.3,-3.299999999999997
101,70,8097.8826,171,1384.7379246,104.2,-3.200000000000003
86,70,8061.7107,156,1257.6268691999999,104.2,-18.200000000000003
60,48,8550.0196,108,923.4021167999999,74.0,-14.0
62,50,8513.6189,112,953.5253167999999,77.7,-15.700000000000003
54,54,8074.8886,108,872.0879688,83.4,-29.400000000000006
96,79,7817.5939,175,1368.0789324999998,119.0,-23.0
93,80,7725.0,173,1336.425,122.19999999999999,-29.19999999999999
112,83,7830.7579,195,1526.9977905,129.0,-17.0
54,48,8484.1322,102,865.3814844,74.0,-20.0
20,14,8337.1659,34,283.4636406,23.4,-3.3999999999999986
150,105,7359.0,255,1876.545,159.2,-9.199999999999989
121,87,7756.8985,208,1613.434888,135.2,-14.199999999999989
48,47,8315.0,95,789.925,73.0,-25.0
105,73,8035.0,178,1430.23,109.3,-4.299999999999997
74,67,7943.0,141,1119.963,99.6,-25.599999999999994
65,42,8442.219,107,903.3174329999999,65.6,-0.5999999999999943
48,42,8597.0285,90,773.732565,65.6,-17.599999999999994
28,31,8232.0,59,485.688,47.599999999999994,-19.599999999999994
16,22,7319.0,38,278.122,34.2,-18.200000000000003
9,10,7567.3431,19,143.7795189,18.299999999999997,-9.299999999999997
78,61,8285.5473,139,1151.6910747000002,92.9,-14.900000000000006
36,30,8759.6335,66,578.135811,45.7,-9.700000000000003
29,28,8670.9364,57,494.2433748,43.8,-14.799999999999997
122,82,7879.9326,204,1607.5062504,125.4,-3.4000000000000057
24,16,8329.3255,40,333.17302000000007,26.099999999999998,-2.099999999999998
77,53,8421.1011,130,1094.743143,82.3,-5.299999999999997
144,95,7553.6891,239,1805.3316949,148.0,-4.0
104,81,7835.5756,185,1449.581486,124.4,-20.400000000000006
143,93,7579.2148,236,1788.6946928,144.1,-1.0999999999999943
104,80,7874.3454,184,1448.8795536,122.19999999999999,-18.19999999999999
44,37,8645.5139,81,700.2866259,57.4,-13.399999999999999
7,9,6964.049,16,111.424784,16.6,-9.600000000000001
92,62,8226.8379,154,1266.9330366,94.3,-2.299999999999997
70,47,8459.4515,117,989.7558254999998,73.0,-3.0
138,94,7588.9839,232,1760.6442648000002,147.3,-9.300000000000011
16,19,7965.8409,35,278.8044315,29.799999999999997,-13.799999999999997
30,22,8691.8193,52,451.9746035999999,34.2,-4.200000000000003
91,72,8028.0072,163,1308.5651736,106.9,-15.900000000000006
96,78,7866.1143,174,1368.7038882000002,117.1,-21.099999999999994
85,66,8184.6789,151,1235.8865139,98.9,-13.900000000000006
4,7,5358.4023,11,58.9424253,13.5,-9.5
139,95,7564.0,234,1769.976,148.0,-9.0
120,86,7789.0417,206,1604.5425902,133.6,-13.599999999999994
42,40,8465.4666,82,694.1682612,62.2,-20.200000000000003
120,81,7891.2717,201,1586.1456117,124.4,-4.400000000000006
151,98,7483.3954,249,1863.3654546,152.3,-1.3000000000000114
110,83,7817.1718,193,1508.7141574,129.0,-19.0
66,51,8487.8981,117,993.0840777000001,79.3,-13.299999999999997
89,73,7964.3432,162,1290.2235984,109.3,-20.299999999999997
127,89,7711.2319,216,1665.6260903999998,137.7,-10.699999999999989
90,78,7773.6217,168,1305.9684456,117.1,-27.099999999999994
45,43,8389.8338,88,738.3053744,67.9,-22.900000000000006
24,17,8412.9593,41,344.9313313,28.099999999999998,-4.099999999999998
61,49,8508.9087,110,935.9799569999999,75.7,-14.700000000000003
30,31,8446.4313,61,515.2323093,47.599999999999994,-17.599999999999994
84,67,8145.5267,151,1229.9745317,99.6,-15.599999999999994
55,40,8643.5924,95,821.1412779999999,62.2,-7.200000000000003
67,43,8411.2603,110,925.238633,67.9,-0.9000000000000057
152,98,7479.9567,250,1869.989175,152.3,-0.30000000000001137
127,91,7659.1935,218,1669.704183,139.6,-12.599999999999994
59,42,8572.9159,101,865.8645059,65.6,-6.599999999999994
125,92,7634.0,217,1656.578,142.9,-17.900000000000006
92,66,8190.1298,158,1294.0405084,98.9,-6.900000000000006
25,29,8045.0,54,434.43,44.7,-19.700000000000003
77,55,8405.5878,132,1109.5375895999998,85.0,-8.0
84,71,7987.4369,155,1238.0527195,105.6,-21.599999999999994
112,75,7977.9519,187,1491.8770053,112.0,0.0
92,71,8066.6848,163,1314.8696224000003,105.6,-13.599999999999994
51,46,8502.4303,97,824.7357391,72.7,-21.700000000000003
123,85,7811.5604,208,1624.8045632,132.6,-9.599999999999994
42,38,8578.5966,80,686.287728,58.8,-16.799999999999997
21,12,7636.4382,33,252.00246059999998,21.7,-0.6999999999999993
30,29,8642.0027,59,509.87815929999994,44.7,-14.700000000000003
151,104,7382.0,255,1882.4099999999999,157.4,-6.400000000000006
88,75,7870.8655,163,1282.9510765,112.0,-24.0
58,51,8404.8161,109,916.1249548999999,79.3,-21.299999999999997
53,37,8631.5262,90,776.837358,57.4,-4.399999999999999
156,104,7377.0,260,1918.02,157.4,-1.4000000000000057
10,11,7765.5581,21,163.0767201,20.0,-10.0
46,47,8175.0,93,760.2750000000001,73.0,-27.0
124,88,7747.5078,212,1642.4716536,135.8,-11.800000000000011
155,104,7377.0,259,1910.643,157.4,-2.4000000000000057
60,43,8566.1045,103,882.3087634999999,67.9,-7.900000000000006
31,33,8286.0,64,530.304,50.0,-19.0
72,62,8167.0,134,1094.378,94.3,-22.299999999999997
94,63,8199.7975,157,1287.3682075000002,94.6,-0.5999999999999943
93,75,7935.1208,168,1333.1002944,112.0,-19.0
5,4,6462.6693,9,58.1640237,8.7,-3.6999999999999993
30,28,8732.0621,58,506.4596017999999,43.8,-13.799999999999997
20,23,8069.5129,43,346.9890547,36.5,-16.5
155,103,7392.0,258,1907.1360000000002,156.7,-1.6999999999999886
72,54,8443.5375,126,1063.8857249999999,83.4,-11.400000000000006
62,59,8033.0,121,971.9929999999999,90.6,-28.599999999999994
82,68,8102.1962,150,1215.32943,100.9,-18.900000000000006
91,74,7955.9704,165,1312.735116,111.0,-20.0
146,95,7543.2795,241,1817.9303595,148.0,-2.0
145,95,7547.0136,240,1811.2832640000001,148.0,-3.0
92,68,8151.7217,160,1304.2754719999998,100.9,-8.900000000000006
47,41,8572.4013,88,754.3713144,64.5,-17.5
132,91,7651.8957,223,1706.3727411,139.6,-7.599999999999994
86,73,7928.7258,159,1260.6674022,109.3,-23.299999999999997
148,102,7426.0,250,1856.5,155.1,-7.099999999999994
145,101,7441.0,246,1830.4859999999999,154.2,-9.199999999999989
46,41,8551.7579,87,744.0029373,64.5,-18.5
94,77,7873.4895,171,1346.3667045,115.7,-21.700000000000003
49,47,8360.2903,96,802.5878688,73.0,-24.0
92,70,8102.5333,162,1312.6103945999998,104.2,-12.200000000000003
22,15,8267.5561,37,305.8995757,24.7,-2.6999999999999993
65,48,8526.9874,113,963.5495761999999,74.0,-9.0
131,89,7692.3515,220,1692.31733,137.7,-6.699999999999989
27,21,8656.2097,48,415.4980656,33.099999999999994,-6.099999999999994
103,80,7859.3885,183,1438.2680954999998,122.19999999999999,-19.19999999999999
33,25,8696.6438,58,504.4053404,39.3,-6.299999999999997
150,102,7425.7992,252,1871.3013984,155.1,-5.099999999999994
74,53,8445.482,127,1072.576214,82.3,-8.299999999999997
48,33,8648.0571,81,700.4926251,50.0,-2.0
92,64,8215.3253,156,1281.5907468,96.6,-4.599999999999994
76,52,8448.7536,128,1081.4404608,80.7,-4.700000000000003
48,44,8504.774,92,782.4392079999999,69.0,-21.0
140,96,7550.309,236,1781.872924,149.6,-9.599999999999994
33,30,8686.2866,63,547.2360557999999,45.7,-12.700000000000003
106,85,7702.9233,191,1471.2583503,132.6,-26.599999999999994
41,44,8027.0,85,682.295,69.0,-28.0
68,61,8114.0,129,1046.7060000000001,92.9,-24.900000000000006
76,59,8328.9284,135,1124.405334,90.6,-14.599999999999994
156,106,7341.1736,262,1923.3874832000001,159.7,-3.6999999999999886
74,56,8405.513,130,1092.7166900000002,86.0,-12.0
102,80,7856.9726,182,1429.9690132,122.19999999999999,-20.19999999999999
33,34,8369.5344,67,560.7588048,51.7,-18.700000000000003
106,80,7888.2605,186,1467.216453,122.19999999999999,-16.19999999999999
9,5,6101.6451,14,85.4230314,11.799999999999999,-2.799999999999999
33,26,8754.7746,59,516.5317014000001,40.7,-7.700000000000003
149,98,7493.2638,247,1850.8361585999999,152.3,-3.3000000000000114
73,62,8177.627,135,1103.9796450000001,94.3,-21.299999999999997
81,63,8254.1744,144,1188.6011136,94.6,-13.599999999999994
98,75,7983.9068,173,1381.2158764,112.0,-14.0
41,35,8635.883,76,656.327108,53.4,-12.399999999999999
38,25,8505.102,63,535.8214260000001,39.3,-1.2999999999999972
44,29,8568.5699,73,625.5056027,44.7,-0.7000000000000028
47,31,8577.1043,78,669.0141354,47.599999999999994,-0.5999999999999943
17,19,8142.2233,36,293.1200388,29.799999999999997,-12.799999999999997
53,49,8388.5719,102,855.6343338,75.7,-22.700000000000003
74,60,8285.5391,134,1110.2622394,91.6,-17.599999999999994
127,90,7690.5945,217,1668.8590065,139.0,-12.0
72,52,8473.2705,124,1050.685542,80.7,-8.700000000000003
72,50,8487.8968,122,1035.5234096,77.7,-5.700000000000003
94,80,7749.7851,174,1348.4626074,122.19999999999999,-28.19999999999999
14,11,8101.3979,25,202.53494750000002,20.0,-6.0
69,52,8466.8641,121,1024.4905561,80.7,-11.700000000000003
76,54,8437.7314,130,1096.905082,83.4,-7.400000000000006
71,55,8399.2673,126,1058.3076798,85.0,-14.0
138,92,7620.9227,230,1752.8122210000001,142.9,-4.900000000000006
77,63,8197.733,140,1147.68262,94.6,-17.599999999999994
53,41,8648.9014,94,812.9967316000001,64.5,-11.5
60,56,8162.0,116,946.7920000000001,86.0,-26.0
57,52,8319.3305,109,906.8070244999999,80.7,-23.700000000000003
100,68,8129.5897,168,1365.7710696000001,100.9,-0.9000000000000057
114,76,7962.1047,190,1512.799893,114.4,-0.4000000000000057
16,15,8481.1677,31,262.9161987,24.7,-8.7
78,55,8409.9786,133,1118.5271538000002,85.0,-7.0
30,20,8550.1639,50,427.50819499999994,30.799999999999997,-0.7999999999999972
169,110,7229.0,279,2016.891,169.3,-0.30000000000001137
69,44,8402.6857,113,949.5034840999999,69.0,0.0
50,36,8712.0295,86,749.234537,55.4,-5.399999999999999
86,69,8088.376,155,1253.69828,100.9,-14.900000000000006
60,41,8534.8355,101,862.0183855,64.5,-4.5
85,59,8311.5411,144,1196.8619184000001,90.6,-5.599999999999994
91,62,8228.5373,153,1258.9662068999999,94.3,-3.299999999999997
66,48,8531.5135,114,972.5925389999999,74.0,-8.0
82,61,8317.7341,143,1189.4359762999998,92.9,-10.900000000000006
40,32,8731.7459,72,628.6857047999999,48.7,-8.700000000000003
87,75,7848.0,162,1271.376,112.0,-25.0
50,35,8673.5926,85,737.255371,53.4,-3.3999999999999986
66,57,8267.0,123,1016.8409999999999,88.3,-22.299999999999997
138,95,7567.0,233,1763.111,148.0,-10.0
70,56,8379.7187,126,1055.8445562,86.0,-16.0
55,45,8575.1732,100,857.51732,71.3,-16.299999999999997
95,80,7759.2134,175,1357.8623449999998,122.19999999999999,-27.19999999999999
45,33,8673.876,78,676.562328,50.0,-5.0
37,39,8173.0,76,621.148,60.099999999999994,-23.099999999999994
125,84,7835.1882,209,1637.5543337999998,130.7,-5.699999999999989
99,76,7960.7294,175,1393.127645,114.4,-15.400000000000006
73,52,8458.0361,125,1057.2545125,80.7,-7.700000000000003
113,88,7669.4108,201,1541.5515708,135.8,-22.80000000000001
75,57,8367.7559,132,1104.5437788000002,88.3,-13.299999999999997
44,45,8189.0,89,728.821,71.3,-27.299999999999997
137,96,7546.002,233,1758.218466,149.6,-12.599999999999994
9,13,6782.0,22,149.204,23.4,-14.399999999999999
91,70,8090.3861,161,1302.5521621,104.2,-13.200000000000003
47,43,8483.36,90,763.5024000000001,67.9,-20.900000000000006
142,93,7587.0571,235,1782.9584185,144.1,-2.0999999999999943
60,55,8216.0,115,944.8399999999999,85.0,-25.0
90,75,7901.5201,165,1303.7508165,112.0,-22.0
103,81,7818.6727,184,1438.6357768,124.4,-21.400000000000006
56,46,8580.2887,102,875.1894473999998,72.7,-16.700000000000003
12,13,8021.1366,25,200.528415,23.4,-11.399999999999999
60,39,8476.6938,99,839.1926861999999,60.099999999999994,-0.09999999999999432
133,92,7629.7717,225,1716.6986325,142.9,-9.900000000000006
154,101,7428.7333,255,1894.3269915,154.2,-0.19999999999998863
150,104,7384.0,254,1875.536,157.4,-7.400000000000006
39,39,8349.0,78,651.222,60.099999999999994,-21.099999999999994
25,27,8325.5606,52,432.92915120000004,41.7,-16.700000000000003
20,22,8259.24,42,346.88808,34.2,-14.200000000000003
59,39,8497.6162,98,832.7663875999999,60.099999999999994,-1.0999999999999943
137,93,7601.7751,230,1748.408273,144.1,-7.099999999999994
50,50,8251.626,100,825.1626,77.7,-27.700000000000003
48,46,8391.6832,94,788.8182208,72.7,-24.700000000000003
64,47,8534.7878,111,947.3614458000001,73.0,-9.0
3,8,3162.4372,11,34.7868092,14.2,-11.2
91,65,8194.6415,156,1278.3640739999998,97.6,-6.599999999999994
53,48,8450.3657,101,853.4869357000001,74.0,-21.0
52,52,8157.3256,104,848.3618624000001,80.7,-28.700000000000003
46,48,8102.0,94,761.5880000000001,74.0,-28.0
53,44,8604.2799,97,834.6151503,69.0,-16.0
66,60,8122.0,126,1023.372,91.6,-25.599999999999994
77,56,8400.2059,133,1117.2273847000001,86.0,-9.0
5,3,5159.7124,8,41.2776992,7.3,-2.3
139,98,7503.3507,237,1778.2941159000002,152.3,-13.300000000000011
64,52,8455.6435,116,980.8546460000001,80.7,-16.700000000000003
86,74,7892.7893,160,1262.8462880000002,111.0,-25.0
135,95,7562.0,230,1739.26,148.0,-13.0
33,21,8404.8115,54,453.85982099999995,33.099999999999994,-0.09999999999999432
125,89,7715.8874,214,1651.1999036,137.7,-12.699999999999989
38,38,8393.9294,76,637.9386344000001,58.8,-20.799999999999997
35,30,8724.266,65,567.07729,45.7,-10.700000000000003
63,52,8431.1504,115,969.582296,80.7,-17.700000000000003
83,54,8364.2865,137,1145.9072505000001,83.4,-0.4000000000000057
159,106,7333.0,265,1943.2450000000001,159.7,-0.6999999999999886
63,46,8544.8825,109,931.3921925,72.7,-9.700000000000003
61,40,8485.8439,101,857.0702339,62.2,-1.2000000000000028
93,78,7816.6017,171,1336.6388907,117.1,-24.099999999999994
21,24,8087.7286,45,363.947787,37.599999999999994,-16.599999999999994
83,65,8204.3207,148,1214.2394636000001,97.6,-14.599999999999994
130,88,7725.0241,218,1684.0552538,135.8,-5.800000000000011
30,24,8777.9672,54,474.01022879999994,37.599999999999994,-7.599999999999994
12,15,7661.0894,27,206.8494138,24.7,-12.7
73,57,8356.1919,130,1086.304947,88.3,-15.299999999999997
86,59,8302.1285,145,1203.8086325,90.6,-4.599999999999994
44,36,8692.9301,80,695.434408,55.4,-11.399999999999999
99,78,7892.4896,177,1396.9706592,117.1,-18.099999999999994
95,77,7880.2637,172,1355.4053564,115.7,-20.700000000000003
7,8,7463.6915,15,111.9553725,14.2,-7.199999999999999
123,88,7741.0887,211,1633.3697157000001,135.8,-12.800000000000011
57,42,8607.7982,99,852.1720217999999,65.6,-8.599999999999994
116,81,7893.5725,197,1555.0337825000001,124.4,-8.400000000000006
59,46,8570.6509,105,899.9183445,72.7,-13.700000000000003
95,65,8177.4676,160,1308.394816,97.6,-2.5999999999999943
66,56,8323.7567,122,1015.4983174,86.0,-20.0
64,58,8174.0,122,997.228,88.6,-24.599999999999994
44,31,8660.7565,75,649.5567374999999,47.599999999999994,-3.5999999999999943
117,84,7826.5619,201,1573.1389419,130.7,-13.699999999999989
60,51,8440.1203,111,936.8533533,79.3,-19.299999999999997
57,39,8569.4269,96,822.6649824,60.099999999999994,-3.0999999999999943
33,28,8765.0281,61,534.6667141,43.8,-10.799999999999997
44,33,8695.9789,77,669.5903753,50.0,-6.0
132,90,7676.6592,222,1704.2183424000002,139.0,-7.0
37,24,8460.1734,61,516.0705774,37.599999999999994,-0.5999999999999943
6,5,6927.7323,11,76.2050553,11.799999999999999,-5.799999999999999
41,41,8312.0,82,681.584,64.5,-23.5
3,7,3643.6724,10,36.436724,13.5,-10.5
112,82,7865.4181,194,1525.8911114,125.4,-13.400000000000006
72,48,8458.024,120,1014.96288,74.0,-2.0
146,97,7517.5021,243,1826.7530103,150.6,-4.599999999999994
53,46,8537.9332,99,845.2553868,72.7,-19.700000000000003
36,34,8576.0338,70,600.322366,51.7,-15.700000000000003
41,28,8623.0998,69,594.9938862,43.8,-2.799999999999997
62,49,8522.2824,111,945.9733464,75.7,-13.700000000000003
105,82,7808.401,187,1460.170987,125.4,-20.400000000000006
129,83,7803.314,212,1654.302568,129.0,0.0
49,34,8658.556,83,718.660148,51.7,-2.700000000000003
65,43,8462.8172,108,913.9842576,67.9,-2.9000000000000057
112,77,7956.0214,189,1503.6880446,115.7,-3.700000000000003
149,104,7380.0,253,1867.1399999999999,157.4,-8.400000000000006
68,54,8424.6644,122,1027.8090568,83.4,-15.400000000000006
72,59,8286.1439,131,1085.4848508999999,90.6,-18.599999999999994
29,20,8594.85,49,421.14765000000006,30.799999999999997,-1.7999999999999972
98,82,7725.6993,180,1390.625874,125.4,-27.400000000000006
83,67,8134.8423,150,1220.226345,99.6,-16.599999999999994
112,86,7737.7245,198,1532.069451,133.6,-21.599999999999994
78,56,8408.1731,134,1126.6951954,86.0,-8.0
64,44,8527.2267,108,920.9404836,69.0,-5.0
76,67,7999.0,143,1143.857,99.6,-23.599999999999994
42,32,8725.2011,74,645.6648814,48.7,-6.700000000000003
17,15,8464.1203,32,270.85184960000004,24.7,-7.699999999999999
97,76,7944.0341,173,1374.3178993,114.4,-17.400000000000006
76,50,8443.5227,126,1063.8838601999998,77.7,-1.7000000000000028
93,77,7853.0,170,1335.01,115.7,-22.700000000000003
51,47,8441.6866,98,827.2852868000001,73.0,-22.0
126,86,7794.7963,212,1652.4968156,133.6,-7.599999999999994
80,63,8245.8177,143,1179.1519311,94.6,-14.599999999999994
51,38,8705.923,89,774.8271470000001,58.8,-7.799999999999997
108,81,7866.2704,189,1486.7251056,124.4,-16.400000000000006
42,41,8378.9889,83,695.4560786999999,64.5,-22.5
143,100,7464.0,243,1813.7520000000002,153.6,-10.599999999999994
116,89,7662.8519,205,1570.8846395,137.7,-21.69999999999999
39,36,8553.4399,75,641.5079924999999,55.4,-16.4
35,36,8327.131,71,591.2263009999999,55.4,-20.4
109,79,7914.7537,188,1487.9736956000002,119.0,-10.0
109,81,7866.0345,190,1494.546555,124.4,-15.400000000000006
4,5,6257.0713,9,56.3136417,11.799999999999999,-7.799999999999999
20,13,8020.6172,33,264.6803676,23.4,-3.3999999999999986
90,64,8224.7996,154,1266.6191384,96.6,-6.599999999999994
75,62,8213.5527,137,1125.2567199000002,94.3,-19.299999999999997
160,107,7313.0,267,1952.571,163.4,-3.4000000000000057
119,88,7721.7503,207,1598.4023121,135.8,-16.80000000000001
69,49,8485.667,118,1001.3087059999999,75.7,-6.700000000000003
69,51,8475.63,120,1017.0755999999999,79.3,-10.299999999999997
22,21,8530.8265,43,366.8255395,33.099999999999994,-11.099999999999994
23,17,8427.766,40,337.11064,28.099999999999998,-5.099999999999998
64,57,8217.0,121,994.2570000000001,88.3,-24.299999999999997
53,52,8186.8368,105,859.617864,80.7,-27.700000000000003
56,41,8623.1384,97,836.4444248,64.5,-8.5
73,56,8391.0811,129,1082.4494619,86.0,-13.0
55,37,8569.4225,92,788.38687,57.4,-2.3999999999999986
13,17,7472.1698,30,224.16509399999998,28.099999999999998,-15.099999999999998
18,24,7456.0,42,313.15200000000004,37.599999999999994,-19.599999999999994
29,33,8049.0,62,499.03799999999995,50.0,-21.0
90,65,8202.9173,155,1271.4521814999998,97.6,-7.599999999999994
31,22,8631.1256,53,457.44965679999996,34.2,-3.200000000000003
66,54,8404.0322,120,1008.4838639999999,83.4,-17.400000000000006
137,97,7519.0,234,1759.4460000000001,150.6,-13.599999999999994
126,84,7834.3462,210,1645.212702,130.7,-4.699999999999989
137,91,7632.2076,228,1740.1433328,139.6,-2.5999999999999943
50,33,8599.654,83,713.771282,50.0,0.0
89,66,8184.357,155,1268.575335,98.9,-9.900000000000006
75,54,8431.3904,129,1087.6493616,83.4,-8.400000000000006
90,60,8249.5789,150,1237.4368350000002,91.6,-1.5999999999999943
3,5,4717.1551,8,37.7372408,11.799999999999999,-8.799999999999999
155,108,7295.0,263,1918.585,163.8,-8.800000000000011
37,35,8511.3126,72,612.8145072,53.4,-16.4
38,40,8194.0,78,639.1320000000001,62.2,-24.200000000000003
126,91,7664.6438,217,1663.2277046,139.6,-13.599999999999994
136,92,7627.4763,228,1739.0645964,142.9,-6.900000000000006
98,70,8111.887,168,1362.797016,104.2,-6.200000000000003
74,50,8467.3997,124,1049.9575628,77.7,-3.700000000000003
51,45,8534.6735,96,819.328656,71.3,-20.299999999999997
25,19,8546.7023,44,376.0549012000001,29.799999999999997,-4.799999999999997
120,80,7905.8956,200,1581.17912,122.19999999999999,-2.1999999999999886
157,106,7337.0,263,1929.6309999999999,159.7,-2.6999999999999886
100,77,7934.6328,177,1404.4300056,115.7,-15.700000000000003
80,53,8405.0993,133,1117.8782069,82.3,-2.299999999999997
43,31,8663.1676,74,641.0744024,47.599999999999994,-4.599999999999994
69,50,8499.4494,119,1011.4344785999999,77.7,-8.700000000000003
159,107,7313.0,266,1945.258,163.4,-4.400000000000006
43,39,8529.2762,82,699.4006484,60.099999999999994,-17.099999999999994
142,94,7577.9192,236,1788.3889312000001,147.3,-5.300000000000011
65,60,8080.0,125,1010.0,91.6,-26.599999999999994
83,57,8355.0201,140,1169.7028139999998,88.3,-5.299999999999997
82,67,8133.255,149,1211.854995,99.6,-17.599999999999994
135,91,7641.1093,226,1726.8907018,139.6,-4.599999999999994
95,71,8074.1756,166,1340.3131496,105.6,-10.599999999999994
150,103,7402.918,253,1872.938254,156.7,-6.699999999999989
68,63,7996.0,131,1047.476,94.6,-26.599999999999994
149,99,7476.0,248,1854.048,152.9,-3.9000000000000057
94,74,7993.9327,168,1342.9806936,111.0,-17.0
23,15,8147.2749,38,309.59644620000006,24.7,-1.6999999999999993
111,77,7954.8512,188,1495.5120256,115.7,-4.700000000000003
71,50,8485.1964,121,1026.7087644,77.7,-6.700000000000003
153,102,7417.9403,255,1891.5747765,155.1,-2.0999999999999943
47,48,8171.0,95,776.2449999999999,74.0,-27.0
130,84,7785.1163,214,1666.0148881999999,130.7,-0.6999999999999886
123,83,7853.3249,206,1617.7849294,129.0,-6.0
19,11,7501.9685,30,225.059055,20.0,-1.0
144,97,7524.0,241,1813.284,150.6,-6.599999999999994
23,21,8557.3805,44,376.52474199999995,33.099999999999994,-10.099999999999994
10,12,7662.7645,22,168.58081900000002,21.7,-11.7
87,68,8129.4444,155,1260.0638820000001,100.9,-13.900000000000006
85,68,8118.8154,153,1242.1787562000002,100.9,-15.900000000000006
111,75,7981.2713,186,1484.5164618000001,112.0,-1.0
35,37,8202.0,72,590.544,57.4,-22.4
53,38,8663.8759,91,788.4127068999999,58.8,-5.799999999999997
103,77,7947.6337,180,1430.574066,115.7,-12.700000000000003
37,28,8736.2424,65,567.8557559999999,43.8,-6.799999999999997
79,57,8376.0512,136,1139.1429632,88.3,-9.299999999999997
89,77,7789.0,166,1292.974,115.7,-26.700000000000003
128,90,7691.6026,218,1676.7693668000002,139.0,-11.0
145,98,7505.0,243,1823.715,152.3,-7.300000000000011
44,30,8642.7547,74,639.5638478,45.7,-1.7000000000000028
71,64,8028.0,135,1083.78,96.6,-25.599999999999994
121,90,7671.8506,211,1618.7604766,139.0,-18.0
50,48,8378.2953,98,821.0729394,74.0,-24.0
154,102,7416.5429,256,1898.6349824000001,155.1,-1.0999999999999943
49,38,8705.2363,87,757.3555581,58.8,-9.799999999999997
108,80,7899.034,188,1485.018392,122.19999999999999,-14.199999999999989
32,21,8492.8325,53,450.12012250000004,33.099999999999994,-1.0999999999999943
97,75,7971.846,172,1371.1575119999998,112.0,-15.0
80,68,8059.6924,148,1192.8344751999998,100.9,-20.900000000000006
129,86,7763.8164,215,1669.2205259999998,133.6,-4.599999999999994
95,81,7707.9383,176,1356.5971407999998,124.4,-29.400000000000006
44,39,8573.6571,83,711.6135393,60.099999999999994,-16.099999999999994
147,97,7511.4759,244,1832.8001196000002,150.6,-3.5999999999999943
119,86,7780.7226,205,1595.048133,133.6,-14.599999999999994
41,32,8705.05,73,635.46865,48.7,-7.700000000000003
107,82,7826.2999,189,1479.1706811000001,125.4,-18.400000000000006
112,78,7946.4941,190,1509.833879,117.1,-5.099999999999994
23,14,7952.9033,37,294.2574221,23.4,-0.3999999999999986
102,71,8079.0312,173,1397.6723976000003,105.6,-3.5999999999999943
122,87,7763.7485,209,1622.6234364999998,135.2,-13.199999999999989
87,65,8202.0072,152,1246.7050944,97.6,-10.599999999999994
153,104,7381.7053,257,1897.0982620999998,157.4,-4.400000000000006
39,40,8267.0,79,653.093,62.2,-23.200000000000003
115,80,7909.398,195,1542.3326100000002,122.19999999999999,-7.199999999999989
19,17,8521.9322,36,306.7895591999999,28.099999999999998,-9.099999999999998
72,57,8356.0449,129,1077.9297921,88.3,-16.299999999999997
57,37,8492.7644,94,798.3198536,57.4,-0.3999999999999986
116,85,7794.1536,201,1566.6248736,132.6,-16.599999999999994
13,18,7252.0,31,224.81199999999998,28.099999999999998,-15.099999999999998
29,23,8714.569,52,453.157588,36.5,-7.5
46,44,8409.7684,90,756.8791560000001,69.0,-23.0
34,28,8794.5555,62,545.262441,43.8,-9.799999999999997
15,13,8309.8969,28,232.6771132,23.4,-8.399999999999999
18,18,8519.9096,36,306.7167456,28.099999999999998,-10.099999999999998
61,46,8560.8946,107,916.0157221999999,72.7,-11.700000000000003
81,68,8074.9558,149,1203.1684142,100.9,-19.900000000000006
111,78,7941.4045,189,1500.9254505,117.1,-6.099999999999994
102,77,7947.5248,179,1422.6069392,115.7,-13.700000000000003
114,77,7948.1144,191,1518.0898504000002,115.7,-1.7000000000000028
151,102,7422.4719,253,1877.8853907,155.1,-4.099999999999994
78,57,8382.7972,135,1131.6776220000002,88.3,-10.299999999999997
96,76,7942.1626,172,1366.0519672,114.4,-18.400000000000006
110,79,7921.9876,189,1497.2556564000001,119.0,-9.0
52,47,8474.7744,99,839.0026655999999,73.0,-21.0
107,73,8025.8864,180,1444.659552,109.3,-2.299999999999997
45,39,8587.7812,84,721.3736208,60.099999999999994,-15.099999999999994
2,3,5266.1325,5,26.330662499999995,7.3,-5.3
55,41,8628.8868,96,828.3731328,64.5,-9.5
99,75,7985.0944,174,1389.4064256000001,112.0,-13.0
87,62,8263.4683,149,1231.2567767000003,94.3,-7.299999999999997
141,99,7481.0,240,1795.44,152.9,-11.900000000000006
88,71,8034.6009,159,1277.5015431000002,105.6,-17.599999999999994
117,82,7875.7366,199,1567.2715834,125.4,-8.400000000000006
59,57,8032.0,116,931.712,88.3,-29.299999999999997
149,101,7441.6533,250,1860.413325,154.2,-5.199999999999989
94,75,7951.3963,169,1343.7859747000002,112.0,-18.0
134,87,7703.2572,221,1702.4198412,135.2,-1.1999999999999886
43,40,8488.3997,83,704.5371751,62.2,-19.200000000000003
40,41,8248.0,81,668.088,64.5,-24.5
79,61,8289.0958,140,1160.4734119999998,92.9,-13.900000000000006
34,24,8643.9987,58,501.3519246000001,37.599999999999994,-3.5999999999999943
52,39,8684.9421,91,790.3297311000001,60.099999999999994,-8.099999999999994
76,68,7956.0,144,1145.664,100.9,-24.900000000000006
95,69,8119.6534,164,1331.6231576,100.9,-5.900000000000006
40,42,8163.0,82,669.366,65.6,-25.599999999999994
78,62,8263.8211,140,1156.9349539999998,94.3,-16.299999999999997
119,79,7908.5675,198,1565.896365,119.0,0.0
61,51,8443.633,112,945.686896,79.3,-18.299999999999997
75,63,8161.6211,138,1126.3037118,94.6,-19.599999999999994
93,66,8181.5842,159,1300.8718878,98.9,-5.900000000000006
75,67,7965.0,142,1131.03,99.6,-24.599999999999994
90,70,8092.5614,160,1294.809824,104.2,-14.200000000000003
130,89,7700.5489,219,1686.4202091,137.7,-7.699999999999989
97,71,8080.4026,168,1357.5076368000002,105.6,-8.599999999999994
98,76,7959.4618,174,1384.9463532,114.4,-16.400000000000006
71,65,7961.0,136,1082.6960000000001,97.6,-26.599999999999994
152,103,7402.5767,255,1887.6570585,156.7,-4.699999999999989
152,105,7361.9767,257,1892.0280119000001,159.2,-7.199999999999989
106,75,8004.1434,181,1448.7499554,112.0,-6.0
57,54,8182.0,111,908.202,83.4,-26.400000000000006
49,45,8472.4033,94,796.4059102,71.3,-22.299999999999997
88,74,7923.8214,162,1283.6590668,111.0,-23.0
112,81,7885.3445,193,1521.8714885000002,124.4,-12.400000000000006
100,78,7908.253,178,1407.6690339999998,117.1,-17.099999999999994
81,58,8370.4664,139,1163.4948296,88.6,-7.599999999999994
65,54,8378.442,119,997.034598,83.4,-18.400000000000006
30,35,7904.0,65,513.76,53.4,-23.4
113,76,7963.0029,189,1505.0075481000001,114.4,-1.4000000000000057
108,79,7917.4323,187,1480.5598401000002,119.0,-11.0
109,85,7732.2304,194,1500.0526976,132.6,-23.599999999999994
16,11,7956.9467,27,214.8375609,20.0,-4.0
55,53,8176.0,108,883.008,82.3,-27.299999999999997
33,36,8129.0,69,560.901,55.4,-22.4
61,47,8542.0262,108,922.5388296000001,73.0,-12.0
100,69,8114.4702,169,1371.3454637999998,100.9,-0.9000000000000057
120,83,7857.4762,203,1595.0676686,129.0,-9.0
73,53,8439.9379,126,1063.4321754,82.3,-9.299999999999997
22,18,8595.2594,40,343.8103760000001,28.099999999999998,-6.099999999999998
26,28,8393.0328,54,453.2237712,43.8,-17.799999999999997
68,47,8490.5553,115,976.4138595000001,73.0,-5.0
31,28,8736.5912,59,515.4588808000001,43.8,-12.799999999999997
147,100,7464.0,247,1843.6080000000002,153.6,-6.599999999999994
63,53,8381.2858,116,972.2291527999998,82.3,-19.299999999999997
79,70,7927.0,149,1181.123,104.2,-25.200000000000003
75,50,8445.5285,125,1055.6910625,77.7,-2.700000000000003
88,73,7957.45,161,1281.14945,109.3,-21.299999999999997
106,84,7749.4526,190,1472.395994,130.7,-24.69999999999999
142,95,7561.0,237,1791.9569999999999,148.0,-6.0
58,45,8584.1927,103,884.1718480999999,71.3,-13.299999999999997
102,79,7883.8359,181,1426.9742979,119.0,-17.0
35,33,8557.7457,68,581.9267076,50.0,-15.0
59,44,8584.3656,103,884.1896568,69.0,-10.0
102,83,7732.0,185,1430.42,129.0,-27.0
16,18,8197.6724,34,278.7208616,28.099999999999998,-12.099999999999998
142,98,7510.24,240,1802.4576,152.3,-10.300000000000011
123,92,7620.7821,215,1638.4681515000002,142.9,-19.900000000000006
117,80,7908.6402,197,1558.0021193999999,122.19999999999999,-5.199999999999989
34,27,8756.151,61,534.1252109999999,41.7,-7.700000000000003
31,29,8665.6047,60,519.936282,44.7,-13.700000000000003
105,77,7954.8948,182,1447.7908536,115.7,-10.700000000000003
25,28,8217.0749,53,435.5049697,43.8,-18.799999999999997
90,71,8052.7821,161,1296.4979180999999,105.6,-15.599999999999994
87,57,8281.4283,144,1192.5256752,88.3,-1.2999999999999972
89,70,8078.0428,159,1284.4088052,104.2,-15.200000000000003
119,89,7684.8289,208,1598.4444112,137.7,-18.69999999999999
77,57,8374.4888,134,1122.1814992,88.3,-11.299999999999997
85,65,8206.3396,150,1230.95094,97.6,-12.599999999999994
10,9,7779.0192,19,147.8013648,16.6,-6.600000000000001
134,90,7667.7162,224,1717.5684288,139.0,-5.0
78,58,8373.7624,136,1138.8316864,88.6,-10.599999999999994
45,32,8671.0293,77,667.6692561000001,48.7,-3.700000000000003
35,27,8721.3347,62,540.7227514,41.7,-6.700000000000003
43,44,8201.0,87,713.4870000000001,69.0,-26.0
45,45,8254.0,90,742.86,71.3,-26.299999999999997
82,54,8396.1889,136,1141.8816903999998,83.4,-1.4000000000000057
48,48,8259.0,96,792.864,74.0,-26.0
35,25,8628.1392,60,517.688352,39.3,-4.299999999999997
77,52,8430.4098,129,1087.5228642,80.7,-3.700000000000003
71,62,8137.0,133,1082.221,94.3,-23.299999999999997
29,31,8327.0,60,499.62,47.599999999999994,-18.599999999999994
69,45,8426.6221,114,960.6349194000002,71.3,-2.299999999999997
56,52,8303.7221,108,896.8019868000001,80.7,-24.700000000000003
117,87,7734.6931,204,1577.8773924,135.2,-18.19999999999999
17,18,8327.4621,35,291.4611735,28.099999999999998,-11.099999999999998
24,15,8097.9701,39,315.82083389999997,24.7,-0.6999999999999993
97,73,8030.2965,170,1365.150405,109.3,-12.299999999999997
59,41,8548.4683,100,854.84683,64.5,-5.5
94,70,8109.4149,164,1329.9440435999998,104.2,-10.200000000000003
80,56,8402.7566,136,1142.7748976,86.0,-6.0
56,53,8220.0164,109,895.9817876000001,82.3,-26.299999999999997
103,73,8038.6706,176,1414.8060255999999,109.3,-6.299999999999997
115,86,7757.0174,201,1559.1604974,133.6,-18.599999999999994
154,104,7382.5257,258,1904.6916306,157.4,-3.4000000000000057
11,6,6558.0262,17,111.48644540000001,11.799999999999999,-0.7999999999999989
55,44,8608.7132,99,852.2626068000001,69.0,-14.0
94,69,8124.9774,163,1324.3713162000001,100.9,-6.900000000000006
83,66,8179.0972,149,1218.6854827999998,98.9,-15.900000000000006
134,95,7562.5697,229,1731.8284613,148.0,-14.0
81,65,8187.1474,146,1195.3235204,97.6,-16.599999999999994
133,89,7682.8015,222,1705.5819329999997,137.7,-4.699999999999989
25,20,8630.5467,45,388.3746015,30.799999999999997,-5.799999999999997
133,90,7668.6426,223,1710.1072998,139.0,-6.0
49,37,8696.9014,86,747.9335204,57.4,-8.399999999999999
93,62,8211.2258,155,1272.739999,94.3,-1.2999999999999972
150,100,7462.0905,250,1865.522625,153.6,-3.5999999999999943
120,91,7629.3948,211,1609.8023028,139.6,-19.599999999999994
50,39,8714.011,89,775.5469790000001,60.099999999999994,-10.099999999999994
96,71,8083.1722,167,1349.8897574,105.6,-9.599999999999994
89,61,8243.8125,150,1236.571875,92.9,-3.9000000000000057
110,84,7789.2947,194,1511.1231718000001,130.7,-20.69999999999999
53,35,8563.7479,88,753.6098152000001,53.4,-0.3999999999999986
22,17,8494.4032,39,331.2817248,28.099999999999998,-6.099999999999998
99,81,7771.431,180,1398.8575799999999,124.4,-25.400000000000006
64,51,8480.9156,115,975.3052939999999,79.3,-15.299999999999997
119,90,7656.0,209,1600.104,139.0,-20.0
61,55,8235.0,116,955.26,85.0,-24.0
27,32,7924.0,59,467.516,48.7,-21.700000000000003
54,43,8623.7254,97,836.5013637999999,67.9,-13.900000000000006
8,5,6496.4194,13,84.4534522,11.799999999999999,-3.799999999999999
33,31,8611.6317,64,551.1444288,47.599999999999994,-14.599999999999994
82,58,8376.3045,140,1172.68263,88.6,-6.599999999999994
70,50,8504.488,120,1020.5385599999998,77.7,-7.700000000000003
88,59,8270.54,147,1215.76938,90.6,-2.5999999999999943
83,71,7968.0,154,1227.072,105.6,-22.599999999999994
49,44,8531.4627,93,793.4260311,69.0,-20.0
92,77,7845.5944,169,1325.9054535999999,115.7,-23.700000000000003
23,13,7623.5154,36,274.4465544,23.4,-0.3999999999999986
145,94,7560.3187,239,1806.9161692999999,147.3,-2.3000000000000114
98,69,8122.5826,167,1356.4712941999999,100.9,-2.9000000000000057
28,25,8734.1798,53,462.9115294,39.3,-11.299999999999997
85,60,8309.1883,145,1204.8323035,91.6,-6.599999999999994
40,31,8717.605,71,618.9499549999999,47.599999999999994,-7.599999999999994
141,97,7525.0,238,1790.95,150.6,-9.599999999999994
101,75,7993.9707,176,1406.9388432,112.0,-11.0
74,55,8416.0465,129,1085.6699985,85.0,-11.0
81,56,8391.8288,137,1149.6805456,86.0,-5.0
90,62,8244.0645,152,1253.097804,94.3,-4.299999999999997
58,47,8550.3708,105,897.7889340000002,73.0,-15.0
